Hips LeftUpperLeg RightUpperLeg LeftLowerLeg RightLowerLeg LeftFoot RightFoot Spine Chest Neck Head LeftShoulder RightShoulder LeftUpperArm RightUpperArm LeftLowerArm RightLowerArm LeftHand RightHand LeftToes RightToes LeftEye RightEye Jaw LeftThumbProximal LeftThumbIntermediate LeftThumbDistal LeftIndexProximal LeftIndexIntermediate LeftIndexDistal LeftMiddleProximal LeftMiddleIntermediate LeftMiddleDistal LeftRingProximal LeftRingIntermediate LeftRingDistal LeftLittleProximal LeftLittleIntermediate LeftLittleDistal RightThumbProximal RightThumbIntermediate RightThumbDistal RightIndexProximal RightIndexIntermediate RightIndexDistal RightMiddleProximal RightMiddleIntermediate RightMiddleDistal RightRingProximal RightRingIntermediate RightRingDistal RightLittleProximal RightLittleIntermediate RightLittleDistal UpperChest LastBone
0 0.5738866 0.9958043 7.385277 0.5714331 0.9986517 7.300383 0.5763401 0.9929568 7.470171 0.5040353 0.5795673 7.293996 0.4971398 0.5796773 7.503431 0.6018893 0.09895869 7.287049 0.629669 0.1106074 7.520749 0.5832294 1.104914 7.388666 0.5715608 1.255733 7.39376 0.5741653 1.501638 7.401052 0.5647177 1.579501 7.402064 0.5790061 1.449493 7.358277 0.5751426 1.447081 7.440987 0.5903149 1.422504 7.251754 0.5767387 1.419126 7.54785 0.6481779 1.191334 7.198489 0.5929308 1.179694 7.59296 0.6419587 0.9567994 7.156801 0.5847002 0.9432871 7.621717 0.4917035 0.001560219 7.219675 0.5089241 0.003861167 7.53463 0 0 0 0 0 0 0 0 0 0.6212417 0.9458206 7.160242 0.6004635 0.9120401 7.165086 0.5964171 0.8744789 7.170878 0.6282185 0.8829237 7.133014 0.6335527 0.8477867 7.123837 0.6343192 0.8280998 7.127185 0.6506327 0.8826547 7.12817 0.6575755 0.8430855 7.122983 0.6591106 0.8210686 7.129732 0 0 0 0 0 0 0 0 0 0 0 0 0 0 0 0 0 0 0.5648054 0.9333298 7.613555 0.5456568 0.9004408 7.601391 0.5402352 0.8641326 7.590757 0.5658584 0.867971 7.63531 0.5691551 0.8321119 7.642421 0.5704574 0.8124874 7.638878 0.5870134 0.8665515 7.64405 0.5912472 0.8265147 7.64852 0.5931582 0.8043136 7.642512 0 0 0 0 0 0 0 0 0 0 0 0 0 0 0 0 0 0 0 0 0 0 0 0
1 0.4802644 0.9823921 7.36533 0.5309328 0.9809343 7.297126 0.4295958 0.9838496 7.433534 0.4143227 0.5849818 7.210704 0.3934341 0.5644745 7.390116 0.4761678 0.1025366 7.24014 0.4910522 0.09456743 7.483582 0.4843766 1.091874 7.366045 0.4609879 1.24125 7.359092 0.4490206 1.486975 7.356802 0.441748 1.564771 7.349886 0.481136 1.434869 7.328064 0.4273746 1.432838 7.391049 0.5548608 1.413118 7.248722 0.3612857 1.409883 7.476542 0.6481945 1.187774 7.237154 0.33876 1.173095 7.531761 0.6826339 0.9554949 7.196619 0.3051395 0.9378753 7.549767 0.4011303 0.008491971 7.132012 0.4234654 0.006198008 7.366153 0 0 0 0 0 0 0 0 0 0.6640178 0.9446604 7.186739 0.6452081 0.910564 7.177797 0.6392609 0.872817 7.178545 0.6870005 0.8835992 7.164616 0.6974138 0.8492218 7.157063 0.6969644 0.8292683 7.158079 0.7080903 0.8832771 7.173619 0.7180098 0.8441347 7.170407 0.7163307 0.8215563 7.174882 0 0 0 0 0 0 0 0 0 0 0 0 0 0 0 0 0 0 0.2962568 0.9281023 7.53009 0.2895872 0.895138 7.508522 0.2908918 0.858418 7.498001 0.2757313 0.8647749 7.547824 0.2696492 0.8295206 7.556036 0.2714662 0.8096589 7.554778 0.284079 0.8632155 7.569127 0.2810131 0.8235288 7.576637 0.2853941 0.8009955 7.574251 0 0 0 0 0 0 0 0 0 0 0 0 0 0 0 0 0 0 0 0 0 0 0 0
2 0.5428221 0.9436102 7.227747 0.6194612 0.9389325 7.191338 0.4661829 0.9482878 7.264157 0.5318087 0.5843381 6.9827 0.4054198 0.5348048 7.216538 0.464188 0.1048879 7.025178 0.5581409 0.1348251 7.446566 0.5465755 1.052935 7.221603 0.5324382 1.201794 7.198162 0.5336894 1.446725 7.174991 0.5322987 1.5248 7.16756 0.5741407 1.392637 7.171757 0.4946522 1.395234 7.194918 0.6802819 1.373078 7.148196 0.3892525 1.383161 7.22572 0.7692385 1.1505 7.194783 0.3108333 1.15418 7.258018 0.8386143 0.9228193 7.206242 0.240058 0.9316498 7.21054 0.4881407 0.01785763 6.890944 0.5001689 0.005765401 7.368147 0 0 0 0 0 0 0 0 0 0.8324294 0.910041 7.187268 0.8270377 0.8733471 7.172408 0.8255074 0.8351589 7.172141 0.8717971 0.8535227 7.18866 0.8898968 0.8216152 7.189929 0.8932196 0.8019204 7.190593 0.8818276 0.8556148 7.209177 0.8973876 0.8186547 7.214892 0.8974661 0.7958186 7.21823 0 0 0 0 0 0 0 0 0 0 0 0 0 0 0 0 0 0 0.2435378 0.9258724 7.187822 0.2434862 0.8973599 7.159834 0.2401472 0.8627613 7.143942 0.1966218 0.8776547 7.172989 0.1735811 0.8499873 7.165851 0.1674134 0.8317625 7.160448 0.1878847 0.8734341 7.193769 0.1659213 0.8396649 7.189513 0.1617821 0.8172922 7.185646 0 0 0 0 0 0 0 0 0 0 0 0 0 0 0 0 0 0 0 0 0 0 0 0
3 0.5929163 0.963461 7.019654 0.677134 0.9634432 7.030989 0.5086985 0.9634787 7.008319 0.6476783 0.5694497 6.885164 0.4946606 0.5817364 6.83224 0.5524945 0.09921922 6.966558 0.421401 0.2174348 7.14551 0.5918867 1.072738 7.027475 0.6048761 1.223387 7.020791 0.6244356 1.468443 7.030506 0.6319795 1.546475 7.027856 0.6601864 1.4117 7.039129 0.5789581 1.418763 7.024512 0.7655865 1.384915 7.058546 0.4714379 1.410303 7.000606 0.7925128 1.146729 7.105099 0.3898613 1.180377 6.990409 0.8184606 0.914369 7.059071 0.3479296 0.9510149 6.941237 0.59847 0.0009771809 6.846552 0.3778269 0.06342424 7.122084 0 0 0 0 0 0 0 0 0 0.8110806 0.9068021 7.037861 0.8034836 0.8757766 7.01386 0.7973248 0.8395277 7.003428 0.8377084 0.8437839 7.029754 0.8502243 0.8098371 7.023568 0.850376 0.7902847 7.019439 0.8465241 0.8399863 7.050581 0.8546017 0.800337 7.048703 0.8509833 0.777599 7.047115 0 0 0 0 0 0 0 0 0 0 0 0 0 0 0 0 0 0 0.3616113 0.9411892 6.924569 0.3722091 0.9075344 6.905824 0.3739015 0.8702259 6.897702 0.3257262 0.8880992 6.899274 0.3094699 0.858156 6.88562 0.306826 0.8390188 6.880506 0.3079867 0.8874239 6.913793 0.2912835 0.8515269 6.905234 0.2891912 0.8286085 6.903501 0 0 0 0 0 0 0 0 0 0 0 0 0 0 0 0 0 0 0 0 0 0 0 0
4 0.7246258 0.9912007 6.692281 0.8062728 0.99155 6.715835 0.6429787 0.9908512 6.668728 0.8051053 0.5726421 6.6528 0.6510054 0.5901093 6.539796 0.7590573 0.09865704 6.76601 0.6095576 0.1176031 6.64802 0.7225331 1.100598 6.697912 0.7268722 1.251453 6.686406 0.7276067 1.497477 6.68714 0.7286552 1.575711 6.681538 0.7666433 1.443983 6.700807 0.6864946 1.444285 6.679885 0.8701833 1.421967 6.732403 0.5814724 1.419968 6.655746 0.9147663 1.184173 6.765435 0.5204893 1.18861 6.704525 0.9528748 0.9501463 6.741724 0.4880457 0.9525564 6.707531 0.8160108 -0.0005548447 6.651642 0.5910689 0.008842804 6.529715 0 0 0 0 0 0 0 0 0 0.9500061 0.9425461 6.719462 0.9452808 0.9107065 6.695793 0.9392833 0.8744723 6.685215 0.976024 0.8787845 6.717561 0.9913467 0.8454669 6.719128 0.9952537 0.8258818 6.7184 0.9800662 0.8749837 6.739813 0.9914036 0.836162 6.742087 0.9921902 0.8131006 6.741647 0 0 0 0 0 0 0 0 0 0 0 0 0 0 0 0 0 0 0.4989355 0.9396196 6.690929 0.5120506 0.9040231 6.678391 0.52077 0.8668689 6.680459 0.4732589 0.8759319 6.696471 0.4629096 0.841097 6.70164 0.46494 0.8215657 6.705353 0.4608623 0.8778089 6.715673 0.4533591 0.8391983 6.725358 0.4581779 0.8176019 6.731915 0 0 0 0 0 0 0 0 0 0 0 0 0 0 0 0 0 0 0 0 0 0 0 0
5 0.7382485 0.9942247 6.508609 0.8191547 0.9951461 6.534579 0.6573424 0.993303 6.482638 0.8277385 0.5772046 6.474233 0.6689886 0.587538 6.365365 0.7679281 0.112573 6.611028 0.6180673 0.1068857 6.434249 0.7351733 1.103595 6.514308 0.7412232 1.254452 6.503626 0.7442949 1.500448 6.50595 0.7475026 1.578686 6.501315 0.7826984 1.446497 6.519613 0.7027435 1.4477 6.497994 0.8851981 1.421842 6.552622 0.5977095 1.421901 6.475502 0.9345236 1.183976 6.577353 0.535673 1.189911 6.51974 0.9761317 0.9495428 6.567718 0.498744 0.9544977 6.519566 0.8305857 0.003309637 6.509528 0.6079721 0.01925702 6.298654 0 0 0 0 0 0 0 0 0 0.9744356 0.9411113 6.545637 0.9707266 0.9086224 6.522679 0.9652917 0.8720506 6.512999 1.001472 0.877767 6.547265 1.016303 0.8444927 6.551753 1.019705 0.8248106 6.552396 1.004512 0.8748257 6.569804 1.016816 0.8365497 6.574741 1.018629 0.8135628 6.575721 0 0 0 0 0 0 0 0 0 0 0 0 0 0 0 0 0 0 0.5087806 0.9424573 6.501793 0.5217863 0.9078468 6.486651 0.531009 0.8707671 6.487544 0.4844071 0.8781672 6.506135 0.4779303 0.8425192 6.512016 0.4836059 0.8237032 6.515638 0.4731846 0.8790242 6.526117 0.4703281 0.8398549 6.536039 0.4795706 0.8195856 6.54207 0 0 0 0 0 0 0 0 0 0 0 0 0 0 0 0 0 0 0 0 0 0 0 0
6 0.7454441 0.9984395 6.482516 0.8268842 0.9983556 6.506777 0.6640041 0.9985233 6.458254 0.8372954 0.5830801 6.43333 0.6537207 0.5830094 6.372805 0.7810653 0.1186698 6.570279 0.5966901 0.1017366 6.447135 0.7437238 1.107815 6.488668 0.7504914 1.258517 6.476356 0.7582664 1.504413 6.478358 0.7633229 1.582517 6.473152 0.7956038 1.449755 6.492168 0.7157285 1.452458 6.470391 0.8967975 1.422071 6.526767 0.6103325 1.427347 6.448831 0.9370763 1.183026 6.556088 0.5465424 1.194363 6.48453 0.970845 0.9471409 6.556953 0.5058472 0.9595956 6.481201 0.8440996 0.007636033 6.470957 0.5808674 0.004473887 6.318852 0 0 0 0 0 0 0 0 0 0.9695594 0.9377256 6.535244 0.9649549 0.9047833 6.513111 0.9577057 0.8682418 6.50457 0.9923397 0.8729772 6.541143 1.001842 0.8380988 6.547507 1.001168 0.8181568 6.548617 0.9942091 0.8709956 6.563914 1.001024 0.8316409 6.570666 0.9983104 0.8087593 6.571973 0 0 0 0 0 0 0 0 0 0 0 0 0 0 0 0 0 0 0.5151241 0.9480581 6.462698 0.5276681 0.914079 6.445833 0.5367864 0.8769655 6.445393 0.4901577 0.8839205 6.465729 0.4866227 0.8479201 6.471956 0.49494 0.8300774 6.475396 0.4796399 0.8842194 6.486106 0.4799633 0.8448588 6.49567 0.4923061 0.8260892 6.500961 0 0 0 0 0 0 0 0 0 0 0 0 0 0 0 0 0 0 0 0 0 0 0 0
7 0.7443622 1.002167 6.46562 0.825807 1.001967 6.489864 0.6629175 1.002367 6.441375 0.8354694 0.5845267 6.421604 0.6489565 0.5830935 6.372658 0.799181 0.1113512 6.539021 0.5906909 0.1022387 6.454204 0.7428662 1.111558 6.471548 0.7496731 1.262227 6.458863 0.7574946 1.508123 6.460718 0.7632649 1.586234 6.456447 0.7947478 1.453467 6.474761 0.7149862 1.456172 6.452572 0.8954898 1.425427 6.510377 0.6099094 1.430122 6.430573 0.9336586 1.186313 6.541882 0.5470458 1.196784 6.465594 0.9658436 0.950295 6.548404 0.507516 0.9618476 6.460565 0.8585058 0.005756818 6.431797 0.5729715 0.003938161 6.326965 0 0 0 0 0 0 0 0 0 0.9646603 0.9402023 6.526996 0.9597058 0.9069563 6.505398 0.951792 0.8703714 6.497672 0.9859962 0.8752288 6.535321 0.9917517 0.8395886 6.541949 0.987923 0.8199884 6.542689 0.9875095 0.8739559 6.558168 0.9903411 0.8341605 6.565178 0.9838492 0.8120251 6.565897 0 0 0 0 0 0 0 0 0 0 0 0 0 0 0 0 0 0 0.5166419 0.950486 6.441878 0.528856 0.9166029 6.424584 0.5377693 0.879443 6.423921 0.4916792 0.8863286 6.444491 0.486765 0.850412 6.450249 0.4939746 0.832042 6.453402 0.4813236 0.8864343 6.464952 0.4802361 0.8469256 6.473825 0.4912826 0.8272735 6.478766 0 0 0 0 0 0 0 0 0 0 0 0 0 0 0 0 0 0 0 0 0 0 0 0
8 0.7275977 1.004645 6.44966 0.8086461 1.004053 6.475192 0.646549 1.005236 6.424128 0.8217982 0.582991 6.420069 0.6401822 0.5838946 6.366004 0.8073708 0.1033813 6.523811 0.5903999 0.1030981 6.455132 0.726386 1.114014 6.45604 0.732574 1.264784 6.444276 0.7381006 1.510738 6.446682 0.7423638 1.588952 6.442525 0.7757708 1.4564 6.460848 0.6961282 1.458412 6.438163 0.8764818 1.429042 6.497076 0.59161 1.430887 6.415317 0.9149644 1.189865 6.52771 0.5309621 1.197181 6.451762 0.9472329 0.9538471 6.533813 0.4948068 0.9617312 6.445488 0.8599615 0.003674574 6.407796 0.5715343 0.004877545 6.327996 0 0 0 0 0 0 0 0 0 0.9462842 0.943546 6.512493 0.9417434 0.9101517 6.491033 0.9341548 0.8734558 6.483511 0.9680557 0.8788198 6.521583 0.973433 0.8430861 6.528023 0.9691562 0.8235705 6.528493 0.9694108 0.8777722 6.544452 0.9719259 0.8379095 6.551195 0.9649068 0.8159262 6.551527 0 0 0 0 0 0 0 0 0 0 0 0 0 0 0 0 0 0 0.5038719 0.9503621 6.426777 0.5159003 0.9163189 6.409668 0.5248754 0.8791689 6.40939 0.4796492 0.8859496 6.430007 0.4724739 0.8503584 6.4354 0.4775943 0.8312611 6.438307 0.4694968 0.8860607 6.45057 0.4660877 0.8465702 6.458921 0.4746245 0.825648 6.463612 0 0 0 0 0 0 0 0 0 0 0 0 0 0 0 0 0 0 0 0 0 0 0 0
9 0.7110926 1.00486 6.444465 0.791848 1.003741 6.470892 0.6303373 1.00598 6.418037 0.8154226 0.5830149 6.41655 0.6283408 0.5847901 6.359367 0.8072774 0.1031379 6.519829 0.5894979 0.1036369 6.451215 0.7101002 1.114149 6.452127 0.7172897 1.264847 6.440004 0.7224925 1.510807 6.44238 0.7269413 1.589032 6.438628 0.7600616 1.456521 6.457001 0.6806842 1.458428 6.433396 0.8603344 1.429214 6.494462 0.5765885 1.430344 6.409333 0.8961866 1.189828 6.526611 0.5174009 1.196063 6.444463 0.9264778 0.9536421 6.535646 0.4838042 0.9603484 6.434818 0.8623537 0.004075252 6.404417 0.5719951 0.006019436 6.323421 0 0 0 0 0 0 0 0 0 0.9256105 0.9428396 6.514572 0.9209114 0.9086303 6.494473 0.9129043 0.8718054 6.488103 0.9458615 0.8779144 6.525558 0.9545109 0.843245 6.533955 0.9535661 0.8233947 6.536064 0.9468706 0.8774037 6.548463 0.9530545 0.838306 6.557063 0.9502921 0.8155016 6.559291 0 0 0 0 0 0 0 0 0 0 0 0 0 0 0 0 0 0 0.4931899 0.9492679 6.416091 0.5059515 0.9153824 6.399202 0.5159789 0.8785016 6.399296 0.4716043 0.8839483 6.41977 0.4625807 0.8487006 6.424616 0.4655085 0.8291026 6.427209 0.4615985 0.8837448 6.440404 0.45628 0.8442993 6.447928 0.4620627 0.8223723 6.452219 0 0 0 0 0 0 0 0 0 0 0 0 0 0 0 0 0 0 0 0 0 0 0 0
10 0.6930008 1.004373 6.446622 0.774148 1.003038 6.47181 0.6118537 1.005708 6.421433 0.8123341 0.5842252 6.413206 0.6155605 0.5851156 6.360135 0.8211033 0.1045591 6.515975 0.5978419 0.103537 6.454913 0.6924629 1.113674 6.454147 0.6997606 1.264144 6.439519 0.7044803 1.510126 6.43935 0.708742 1.588379 6.436008 0.7424779 1.456061 6.453681 0.6625994 1.457578 6.431801 0.8436692 1.429309 6.489011 0.5582388 1.428549 6.410125 0.8800781 1.190327 6.52346 0.5013463 1.194502 6.450252 0.910901 0.9543058 6.534729 0.4683758 0.9585989 6.443484 0.8718368 0.0025732 6.40112 0.5665984 0.006666236 6.329188 0 0 0 0 0 0 0 0 0 0.9100362 0.9431728 6.513827 0.9057572 0.9083442 6.494722 0.8982742 0.8712642 6.48926 0.9310544 0.8786464 6.525688 0.9429256 0.8452976 6.535394 0.9448303 0.8256872 6.538738 0.9321945 0.878498 6.548592 0.941887 0.8404362 6.5585 0.9426728 0.8176668 6.562186 0 0 0 0 0 0 0 0 0 0 0 0 0 0 0 0 0 0 0.4774407 0.9471596 6.424815 0.4900036 0.9128485 6.408652 0.5003809 0.8760791 6.40969 0.4570528 0.8816299 6.430841 0.4466071 0.8468947 6.436468 0.4479952 0.8271655 6.439333 0.4476073 0.8818331 6.451738 0.4409705 0.8427355 6.459995 0.4449236 0.8204578 6.464546 0 0 0 0 0 0 0 0 0 0 0 0 0 0 0 0 0 0 0 0 0 0 0 0
11 0.6780998 1.003222 6.447078 0.7599102 1.002373 6.470045 0.5962894 1.004071 6.424112 0.8112085 0.5847173 6.411529 0.6073761 0.5828536 6.366946 0.8406603 0.1050546 6.511698 0.605283 0.1013247 6.464592 0.6771647 1.112531 6.454451 0.6809742 1.263027 6.438797 0.6824021 1.509047 6.437518 0.6852973 1.587348 6.433844 0.7215152 1.455551 6.45096 0.6410266 1.455917 6.431389 0.8240504 1.430244 6.48336 0.5368243 1.424362 6.412684 0.8625287 1.19163 6.51811 0.4811116 1.191566 6.460923 0.8956975 0.9558418 6.527418 0.4461846 0.9558501 6.462039 0.8816355 0.001170345 6.39467 0.5755966 0.003395654 6.339311 0 0 0 0 0 0 0 0 0 0.8956547 0.9455244 6.506085 0.8946517 0.9110239 6.48596 0.8908213 0.8735798 6.479323 0.9229291 0.8829088 6.515112 0.9400294 0.8517187 6.52417 0.9458008 0.8328789 6.527506 0.924356 0.8819531 6.537981 0.9399823 0.8457074 6.547086 0.9455146 0.8236141 6.550817 0 0 0 0 0 0 0 0 0 0 0 0 0 0 0 0 0 0 0.454591 0.9434367 6.443687 0.4667137 0.9082711 6.429101 0.477412 0.871691 6.431962 0.4352034 0.8781858 6.454297 0.4242296 0.8440486 6.462141 0.4249132 0.8244548 6.466012 0.4266347 0.8795069 6.475528 0.4195812 0.8410738 6.486204 0.4227015 0.8189259 6.491895 0 0 0 0 0 0 0 0 0 0 0 0 0 0 0 0 0 0 0 0 0 0 0 0
12 0.6785505 1.002117 6.443042 0.7607639 1.00202 6.464538 0.5963371 1.002214 6.421547 0.7960503 0.5808201 6.414938 0.6045658 0.580929 6.364776 0.831687 0.1010068 6.516521 0.6007495 0.09974652 6.463776 0.6769364 1.111464 6.449709 0.6811603 1.262255 6.437361 0.680566 1.508281 6.438116 0.6819912 1.586673 6.435764 0.7205127 1.455004 6.44987 0.6394471 1.454861 6.432842 0.8242525 1.430243 6.478655 0.5352883 1.421869 6.416527 0.8656127 1.191825 6.511376 0.4805843 1.18981 6.469262 0.9003127 0.9562018 6.519171 0.4454845 0.9541193 6.470232 0.8750437 0.001534529 6.396554 0.5702382 0.001926042 6.338608 0 0 0 0 0 0 0 0 0 0.8993552 0.9465846 6.497534 0.8978503 0.9126804 6.476449 0.8942159 0.8754005 6.468849 0.9278474 0.8841115 6.503138 0.9463311 0.8533202 6.510723 0.9530816 0.8347134 6.513477 0.9304086 0.8824329 6.525866 0.9475509 0.8465272 6.533465 0.9543113 0.8246855 6.536609 0 0 0 0 0 0 0 0 0 0 0 0 0 0 0 0 0 0 0.4529281 0.9414225 6.451659 0.464433 0.9060746 6.437014 0.4754559 0.8695915 6.439882 0.434391 0.8763046 6.464394 0.4243562 0.8421596 6.473379 0.4256767 0.8226488 6.477498 0.4269835 0.8779588 6.486035 0.4210706 0.839698 6.497951 0.4250131 0.8177581 6.503929 0 0 0 0 0 0 0 0 0 0 0 0 0 0 0 0 0 0 0 0 0 0 0 0
13 0.6919364 1.001359 6.443083 0.7749073 1.001091 6.461437 0.6089655 1.001626 6.424728 0.7956612 0.5784216 6.414868 0.6093227 0.5802616 6.366851 0.8264531 0.09830799 6.517493 0.5953252 0.09836029 6.462221 0.6907729 1.1107 6.449935 0.6935639 1.261624 6.438869 0.6919777 1.507622 6.442352 0.6941425 1.586017 6.44081 0.732556 1.454403 6.452021 0.6509125 1.454075 6.438027 0.8374356 1.42972 6.476407 0.5466192 1.420294 6.42441 0.8829242 1.191382 6.503802 0.4964232 1.18769 6.479191 0.9198599 0.95598 6.505945 0.4671248 0.9512341 6.475595 0.8695037 -0.0009495541 6.397238 0.5650837 3.836304E-05 6.337381 0 0 0 0 0 0 0 0 0 0.9171928 0.9465912 6.484351 0.9121955 0.9130136 6.463283 0.9054487 0.8761465 6.455795 0.941201 0.8821489 6.48846 0.9576651 0.8500834 6.49539 0.9631469 0.8310377 6.497956 0.9446782 0.8801476 6.511039 0.9594182 0.8430887 6.518124 0.9647173 0.8208295 6.521139 0 0 0 0 0 0 0 0 0 0 0 0 0 0 0 0 0 0 0.4745299 0.9389946 6.456703 0.4870121 0.9042972 6.44132 0.4994607 0.8682231 6.443429 0.4585488 0.8731491 6.469156 0.4509792 0.8383543 6.478063 0.4540414 0.8189775 6.481876 0.4516331 0.8743224 6.490991 0.4484726 0.8357387 6.502914 0.4544981 0.8141959 6.508591 0 0 0 0 0 0 0 0 0 0 0 0 0 0 0 0 0 0 0 0 0 0 0 0
14 0.7174098 1.000916 6.445754 0.8008989 1.000589 6.461584 0.6339209 1.001242 6.429924 0.8092229 0.5775217 6.414996 0.6241569 0.5799292 6.370915 0.8243262 0.09678593 6.518063 0.5934038 0.09756374 6.461163 0.716477 1.110238 6.45293 0.7195146 1.261255 6.44328 0.717014 1.507205 6.448909 0.7180182 1.585638 6.448557 0.7581513 1.454094 6.456604 0.6760439 1.453509 6.445666 0.8639744 1.429622 6.476759 0.5714391 1.419429 6.435662 0.9116272 1.19119 6.499212 0.5256513 1.185891 6.490327 0.9491245 0.955891 6.495849 0.4977627 0.949273 6.486175 0.8673926 -0.002060585 6.397475 0.5633111 -0.001182683 6.336623 0 0 0 0 0 0 0 0 0 0.9449559 0.9468579 6.474341 0.9383318 0.9136799 6.453089 0.9308683 0.8769726 6.445497 0.9688621 0.8822635 6.475808 0.9851895 0.8498573 6.481335 0.9903588 0.8306559 6.483324 0.9738481 0.8798894 6.498066 0.9883926 0.8425346 6.50389 0.9933172 0.8201216 6.506348 0 0 0 0 0 0 0 0 0 0 0 0 0 0 0 0 0 0 0.5045313 0.9374364 6.466793 0.5162587 0.9030874 6.450091 0.5282798 0.8668143 6.450806 0.487687 0.8715503 6.477812 0.4811399 0.8363824 6.486038 0.4852289 0.8170762 6.489188 0.4812803 0.872237 6.499821 0.4792571 0.833365 6.511033 0.4865969 0.812045 6.515955 0 0 0 0 0 0 0 0 0 0 0 0 0 0 0 0 0 0 0 0 0 0 0 0
15 0.7409579 1.000705 6.451357 0.8248121 1.00052 6.465126 0.6571039 1.00089 6.437589 0.8228142 0.5778081 6.415901 0.6360368 0.5800421 6.376274 0.8208386 0.09679123 6.518009 0.5900451 0.09730523 6.459516 0.7400554 1.110041 6.458321 0.7429945 1.26103 6.44821 0.7419262 1.506985 6.454082 0.7405314 1.585406 6.453022 0.7828948 1.453644 6.461054 0.7006165 1.453516 6.45147 0.8888351 1.428556 6.479785 0.5953476 1.420869 6.443964 0.9363034 1.189941 6.500634 0.5503756 1.186575 6.496008 0.9738609 0.9546643 6.496491 0.5217268 0.9500121 6.495651 0.8642437 -0.001815133 6.397346 0.5604191 -0.001847871 6.335186 0 0 0 0 0 0 0 0 0 0.9695255 0.9454485 6.475094 0.9630485 0.9121202 6.454032 0.9559923 0.8752828 6.446685 0.9944511 0.8812405 6.476561 1.010757 0.8488395 6.482179 1.015681 0.8295807 6.484237 0.9997919 0.8790676 6.498757 1.01433 0.8417478 6.504816 1.018932 0.819281 6.507406 0 0 0 0 0 0 0 0 0 0 0 0 0 0 0 0 0 0 0.5281971 0.938441 6.476009 0.5394517 0.9043633 6.458449 0.5510103 0.8679337 6.458231 0.5102603 0.8726535 6.485829 0.5045776 0.8372124 6.493506 0.5096123 0.8180612 6.496199 0.5039704 0.8730211 6.50788 0.5028725 0.8339658 6.518572 0.5114024 0.8129787 6.522979 0 0 0 0 0 0 0 0 0 0 0 0 0 0 0 0 0 0 0 0 0 0 0 0
16 0.7582249 1.000868 6.456562 0.8421445 1.000933 6.469927 0.6743054 1.000802 6.443196 0.8332703 0.5788262 6.417281 0.6502982 0.5800313 6.381243 0.8170983 0.09768095 6.516916 0.5866883 0.09809958 6.458509 0.7570858 1.110223 6.463177 0.760808 1.261154 6.452477 0.7629167 1.507131 6.457004 0.7655734 1.58548 6.454305 0.8031869 1.453304 6.4643 0.7209207 1.454187 6.454652 0.9087627 1.426924 6.483314 0.6147084 1.424461 6.448409 0.9544578 1.188076 6.505415 0.5658157 1.189764 6.494797 0.9899609 0.9524543 6.503272 0.5331136 0.9537417 6.49748 0.8602973 -0.0006753728 6.395976 0.557133 -0.0007726029 6.33394 0 0 0 0 0 0 0 0 0 0.9853324 0.943015 6.482035 0.9777105 0.9096307 6.46145 0.9693995 0.8729479 6.454663 1.008145 0.8780617 6.484635 1.02277 0.8449901 6.490932 1.026485 0.8255023 6.49334 1.013405 0.8761008 6.506871 1.026052 0.8382362 6.513739 1.029202 0.8155721 6.516747 0 0 0 0 0 0 0 0 0 0 0 0 0 0 0 0 0 0 0.5397629 0.9426034 6.477648 0.5508293 0.9089798 6.459119 0.5616052 0.8723349 6.457783 0.5196602 0.8771082 6.484886 0.515431 0.841271 6.491603 0.5221378 0.8225759 6.493813 0.5128001 0.8769724 6.506769 0.513082 0.837638 6.516442 0.5236082 0.8174503 6.520223 0 0 0 0 0 0 0 0 0 0 0 0 0 0 0 0 0 0 0 0 0 0 0 0
17 0.7659268 1.001548 6.46164 0.8497138 1.001598 6.475813 0.68214 1.001498 6.447466 0.8396056 0.5801973 6.419208 0.6516649 0.5816505 6.382719 0.8145296 0.09911599 6.516341 0.5832912 0.1002481 6.458599 0.7648749 1.110949 6.467471 0.7704028 1.26169 6.455012 0.7763736 1.507634 6.457315 0.7809256 1.58581 6.452769 0.815626 1.453246 6.465889 0.7335861 1.455343 6.454635 0.9203409 1.425383 6.487386 0.6267005 1.428435 6.44721 0.9618726 1.186076 6.512525 0.5719129 1.194252 6.489419 0.9934537 0.9498875 6.513226 0.5328413 0.9592283 6.493919 0.857114 0.0004494861 6.395435 0.553618 0.001499049 6.33396 0 0 0 0 0 0 0 0 0 0.9891392 0.9402772 6.491999 0.981235 0.9069793 6.471381 0.9722699 0.8704364 6.464673 1.010651 0.8749462 6.495897 1.02258 0.8409074 6.502705 1.024049 0.8211246 6.505125 1.015358 0.8731597 6.51827 1.025029 0.834538 6.525732 1.025383 0.8116594 6.528746 0 0 0 0 0 0 0 0 0 0 0 0 0 0 0 0 0 0 0.5396309 0.9480736 6.474144 0.5504104 0.9145526 6.455263 0.5601326 0.8776364 6.453415 0.5165815 0.8834019 6.479838 0.5152577 0.847336 6.486532 0.5248729 0.8299569 6.488743 0.5090444 0.8832765 6.501498 0.5121293 0.8440219 6.511006 0.5260397 0.8259392 6.514493 0 0 0 0 0 0 0 0 0 0 0 0 0 0 0 0 0 0 0 0 0 0 0 0
18 0.7639513 1.002749 6.46272 0.8473992 1.002504 6.478767 0.6805035 1.002994 6.446673 0.8407904 0.5816665 6.41921 0.6499377 0.5832385 6.381928 0.8152877 0.1007977 6.515982 0.5834931 0.1019323 6.459485 0.7632672 1.112184 6.467947 0.7690356 1.262766 6.453799 0.7770945 1.508661 6.454266 0.7826535 1.586763 6.449561 0.8155261 1.454017 6.464718 0.7339718 1.456716 6.450463 0.9191394 1.425464 6.490266 0.6272 1.430592 6.439466 0.9591364 1.186257 6.518642 0.5691462 1.197206 6.481724 0.9899341 0.9499983 6.522662 0.5277401 0.9626163 6.487748 0.8582464 0.001888581 6.395408 0.5544405 0.003331594 6.334583 0 0 0 0 0 0 0 0 0 0.9863241 0.9400905 6.50144 0.9787074 0.9068727 6.480586 0.9695021 0.8703983 6.47383 1.007162 0.8746722 6.507125 1.014964 0.8394798 6.514048 1.012795 0.8197047 6.515948 1.011033 0.8732 6.529681 1.016175 0.8337473 6.537289 1.011936 0.8111799 6.539611 0 0 0 0 0 0 0 0 0 0 0 0 0 0 0 0 0 0 0.5347886 0.9509982 6.468334 0.5455709 0.9170703 6.450196 0.5548153 0.8800017 6.449088 0.5104784 0.8868434 6.474603 0.5094408 0.8509261 6.482099 0.5195203 0.833895 6.484876 0.5024402 0.8872309 6.496078 0.5056868 0.8481668 6.506291 0.5201176 0.8305972 6.510252 0 0 0 0 0 0 0 0 0 0 0 0 0 0 0 0 0 0 0 0 0 0 0 0
19 0.7503794 1.004416 6.456978 0.8332076 1.004221 6.475967 0.6675515 1.004611 6.437989 0.8367097 0.5831043 6.418149 0.6464326 0.5839203 6.377039 0.8205034 0.1021866 6.516659 0.5879105 0.1029919 6.461473 0.7493851 1.113837 6.462439 0.7550379 1.264463 6.448719 0.7617593 1.510398 6.449287 0.7678643 1.588513 6.445587 0.8001803 1.455965 6.460824 0.719038 1.45822 6.444319 0.9031647 1.427983 6.489371 0.612881 1.431118 6.430182 0.9438021 1.189064 6.519217 0.5553643 1.197747 6.473248 0.9763364 0.9530928 6.525713 0.5167315 0.962635 6.476841 0.8637014 0.003269263 6.396177 0.5591955 0.004682057 6.336263 0 0 0 0 0 0 0 0 0 0.973595 0.942841 6.504525 0.9669901 0.909524 6.483485 0.9583713 0.872916 6.476678 0.9951689 0.8778251 6.511845 1.000376 0.8420902 6.518417 0.9957626 0.8226774 6.519531 0.9982895 0.8767211 6.534538 1.000644 0.8369285 6.541738 0.9933037 0.8150851 6.543009 0 0 0 0 0 0 0 0 0 0 0 0 0 0 0 0 0 0 0.5241909 0.9509422 6.457626 0.534886 0.916746 6.439947 0.5436946 0.8795602 6.43933 0.4994783 0.8869005 6.463465 0.4953258 0.8511182 6.470513 0.5030284 0.8329162 6.473469 0.4909352 0.8873718 6.484742 0.4908718 0.8480865 6.494617 0.5025703 0.8286877 6.49903 0 0 0 0 0 0 0 0 0 0 0 0 0 0 0 0 0 0 0 0 0 0 0 0
20 0.7275085 1.005748 6.44758 0.8097394 1.005052 6.468998 0.6452779 1.006444 6.426162 0.8254926 0.5835575 6.415231 0.6367572 0.5847052 6.370236 0.8248707 0.1028359 6.51668 0.592465 0.103659 6.461751 0.7267257 1.115111 6.45414 0.7314532 1.265874 6.441623 0.7356173 1.511859 6.44342 0.739895 1.590091 6.439641 0.7743293 1.457769 6.455584 0.6935605 1.45927 6.437261 0.8769432 1.43074 6.4863 0.5881705 1.430766 6.420404 0.9181349 1.191848 6.515599 0.5324856 1.196923 6.463315 0.9516163 0.9559757 6.520722 0.4976313 0.9611946 6.463833 0.8681713 0.003765769 6.39636 0.5637404 0.005494349 6.336431 0 0 0 0 0 0 0 0 0 0.949531 0.9456698 6.499485 0.9438154 0.9122068 6.478417 0.9357406 0.8754996 6.471479 0.9714816 0.8808603 6.507483 0.9775948 0.8452447 6.513922 0.9737709 0.8256511 6.51484 0.9740074 0.8798164 6.530253 0.9773679 0.8400388 6.537129 0.9709544 0.8178898 6.538091 0 0 0 0 0 0 0 0 0 0 0 0 0 0 0 0 0 0 0.5054687 0.9495115 6.444764 0.5165932 0.9151736 6.427632 0.5259059 0.8781057 6.427671 0.4822997 0.8849407 6.451083 0.4754828 0.8495035 6.457794 0.4806391 0.8304291 6.460786 0.4736428 0.8853984 6.472315 0.470798 0.8461101 6.481759 0.4794215 0.8251964 6.486329 0 0 0 0 0 0 0 0 0 0 0 0 0 0 0 0 0 0 0 0 0 0 0 0
21 0.7084137 1.005626 6.444182 0.7902479 1.004338 6.467043 0.6265795 1.006914 6.421321 0.819437 0.5839433 6.412376 0.6267719 0.5849478 6.367307 0.8279731 0.1041023 6.516133 0.5953927 0.1038745 6.463252 0.7078174 1.114872 6.452471 0.7125883 1.265638 6.440005 0.7160419 1.511624 6.442888 0.7205379 1.589869 6.439661 0.7546291 1.457587 6.455667 0.6742718 1.458951 6.435606 0.8566232 1.430813 6.488591 0.5694755 1.429807 6.416317 0.8960461 1.191643 6.518059 0.5154111 1.195228 6.45724 0.928638 0.9556634 6.523929 0.4828315 0.9591836 6.455111 0.8716266 0.004735775 6.396186 0.5666586 0.0061929 6.337555 0 0 0 0 0 0 0 0 0 0.9269615 0.9450517 6.502807 0.9216797 0.9108996 6.482755 0.9136623 0.8740479 6.476557 0.9480228 0.8801529 6.512327 0.9579692 0.8457386 6.520329 0.9579417 0.8258802 6.522568 0.9499818 0.8794361 6.535165 0.9575941 0.8405155 6.543416 0.9559722 0.8176248 6.545871 0 0 0 0 0 0 0 0 0 0 0 0 0 0 0 0 0 0 0.4912384 0.9476363 6.436202 0.5032771 0.9133112 6.419673 0.5135924 0.8765172 6.420412 0.4705637 0.8822728 6.443006 0.4615793 0.8472595 6.449381 0.4643078 0.8276923 6.452391 0.4617616 0.8825921 6.46418 0.456624 0.8434172 6.473112 0.4621968 0.8215011 6.477723 0 0 0 0 0 0 0 0 0 0 0 0 0 0 0 0 0 0 0 0 0 0 0 0
22 0.6891519 1.004703 6.446032 0.7707987 1.003223 6.469542 0.6075052 1.006183 6.422521 0.8151039 0.5848329 6.411498 0.6149888 0.5846514 6.366703 0.8363566 0.1054415 6.51428 0.6020083 0.1032191 6.464299 0.6888227 1.11397 6.454053 0.693728 1.264518 6.439236 0.6968926 1.510525 6.439745 0.7011182 1.588799 6.436893 0.7354405 1.45666 6.453342 0.6552359 1.457734 6.432662 0.8372819 1.430383 6.487128 0.5508384 1.427714 6.412572 0.8761225 1.191507 6.5196 0.4970477 1.193452 6.455618 0.9089141 0.9556361 6.528131 0.4647713 0.9573629 6.453902 0.8786587 0.002851196 6.396584 0.573171 0.005416967 6.338721 0 0 0 0 0 0 0 0 0 0.9079538 0.9447255 6.507117 0.9038567 0.9099919 6.487801 0.896699 0.8728781 6.482135 0.929693 0.8802763 6.518063 0.9425876 0.8472392 6.527527 0.9453028 0.8277255 6.530876 0.9310544 0.8798873 6.540953 0.9418893 0.8420622 6.550581 0.9436836 0.8193539 6.554288 0 0 0 0 0 0 0 0 0 0 0 0 0 0 0 0 0 0 0.4734918 0.9455275 6.435317 0.4858799 0.9108646 6.419781 0.4965004 0.8741947 6.421595 0.4537535 0.8800244 6.443432 0.4432063 0.8455099 6.450127 0.4443588 0.8258373 6.453447 0.4447901 0.8806801 6.464531 0.4381135 0.8418313 6.473859 0.4417855 0.8196045 6.478872 0 0 0 0 0 0 0 0 0 0 0 0 0 0 0 0 0 0 0 0 0 0 0 0
23 0.6781012 1.003222 6.447078 0.7599117 1.002373 6.470045 0.5962908 1.004071 6.424112 0.8112099 0.5847173 6.411529 0.6073775 0.5828536 6.366946 0.8406618 0.1050546 6.511698 0.6052845 0.1013247 6.464592 0.6771661 1.112531 6.454451 0.6809757 1.263027 6.438797 0.6824036 1.509047 6.437518 0.6852987 1.587348 6.433844 0.7215166 1.455551 6.45096 0.641028 1.455917 6.431389 0.8240519 1.430244 6.48336 0.5368258 1.424362 6.412684 0.8625301 1.19163 6.51811 0.4811131 1.191566 6.460923 0.8956989 0.9558418 6.527418 0.4461861 0.9558501 6.462039 0.8816369 0.001170345 6.39467 0.5755981 0.003395654 6.339311 0 0 0 0 0 0 0 0 0 0.8956562 0.9455244 6.506085 0.8946531 0.9110239 6.48596 0.8908228 0.8735798 6.479323 0.9229305 0.8829088 6.515112 0.9400308 0.8517187 6.52417 0.9458023 0.8328789 6.527506 0.9243575 0.8819531 6.537981 0.9399837 0.8457074 6.547086 0.945516 0.8236141 6.550817 0 0 0 0 0 0 0 0 0 0 0 0 0 0 0 0 0 0 0.4545925 0.9434367 6.443687 0.4667152 0.9082711 6.429101 0.4774135 0.871691 6.431962 0.4352049 0.8781858 6.454297 0.4242311 0.8440486 6.462141 0.4249146 0.8244548 6.466012 0.4266361 0.8795069 6.475528 0.4195826 0.8410738 6.486204 0.4227029 0.8189259 6.491895 0 0 0 0 0 0 0 0 0 0 0 0 0 0 0 0 0 0 0 0 0 0 0 0
24 0.6785518 1.002117 6.443042 0.7607653 1.00202 6.464538 0.5963383 1.002214 6.421547 0.7960519 0.5808198 6.414938 0.6045669 0.5809291 6.364775 0.8316883 0.1010067 6.516522 0.6007506 0.09974646 6.463776 0.6769377 1.111464 6.449709 0.6811616 1.262255 6.437361 0.6805674 1.508281 6.438116 0.6819925 1.586673 6.435764 0.7205141 1.455004 6.44987 0.6394484 1.454861 6.432842 0.8242539 1.430243 6.478655 0.5352897 1.421869 6.416527 0.8656139 1.191825 6.511376 0.4805858 1.18981 6.469262 0.900314 0.956202 6.519171 0.4454861 0.9541193 6.470232 0.8750451 0.001534529 6.396554 0.5702392 0.001926042 6.338607 0 0 0 0 0 0 0 0 0 0.8993566 0.9465849 6.497534 0.8978518 0.9126807 6.476449 0.8942175 0.8754008 6.468849 0.9278488 0.8841117 6.503138 0.9463325 0.8533205 6.510723 0.9530829 0.8347135 6.513478 0.9304098 0.8824331 6.525866 0.9475521 0.8465274 6.533465 0.9543124 0.8246858 6.536609 0 0 0 0 0 0 0 0 0 0 0 0 0 0 0 0 0 0 0.4529295 0.9414223 6.451659 0.4644344 0.9060747 6.437014 0.4754573 0.8695914 6.439882 0.4343923 0.8763046 6.464395 0.4243577 0.8421596 6.47338 0.4256783 0.8226489 6.477498 0.426985 0.877959 6.486035 0.4210721 0.8396979 6.497951 0.4250145 0.817758 6.503929 0 0 0 0 0 0 0 0 0 0 0 0 0 0 0 0 0 0 0 0 0 0 0 0
25 0.6919376 1.001359 6.443083 0.7749085 1.001091 6.461437 0.6089667 1.001626 6.424728 0.7956622 0.5784215 6.414868 0.609324 0.5802616 6.366851 0.8264544 0.09830793 6.517493 0.5953264 0.09836053 6.462221 0.6907742 1.1107 6.449935 0.6935652 1.261624 6.438869 0.6919792 1.507622 6.442352 0.6941439 1.586017 6.44081 0.7325574 1.454403 6.452021 0.650914 1.454075 6.438027 0.837437 1.42972 6.476407 0.5466205 1.420294 6.42441 0.8829255 1.191382 6.503802 0.4964244 1.18769 6.479191 0.9198612 0.9559799 6.505946 0.4671259 0.951234 6.475595 0.8695049 -0.0009493157 6.397238 0.5650849 3.848225E-05 6.337381 0 0 0 0 0 0 0 0 0 0.9171942 0.9465911 6.484352 0.912197 0.9130135 6.463283 0.90545 0.8761463 6.455795 0.9412025 0.8821487 6.48846 0.9576666 0.8500834 6.49539 0.9631484 0.8310376 6.497956 0.9446796 0.8801475 6.511039 0.9594195 0.8430887 6.518125 0.9647188 0.8208295 6.521139 0 0 0 0 0 0 0 0 0 0 0 0 0 0 0 0 0 0 0.4745309 0.9389945 6.456703 0.4870133 0.904297 6.441321 0.4994619 0.8682227 6.443429 0.45855 0.8731489 6.469157 0.4509803 0.8383541 6.478064 0.4540426 0.8189773 6.481876 0.4516342 0.8743223 6.490991 0.4484738 0.8357388 6.502914 0.4544991 0.8141958 6.508592 0 0 0 0 0 0 0 0 0 0 0 0 0 0 0 0 0 0 0 0 0 0 0 0
26 0.7174109 1.000916 6.445754 0.8009 1.000589 6.461584 0.633922 1.001243 6.429924 0.809224 0.5775217 6.414996 0.6241582 0.5799292 6.370915 0.8243275 0.09678575 6.518063 0.5934052 0.09756391 6.461164 0.716478 1.110238 6.45293 0.7195157 1.261255 6.44328 0.7170151 1.507205 6.448909 0.7180195 1.585638 6.448557 0.7581524 1.454094 6.456604 0.6760449 1.453509 6.445667 0.8639757 1.429622 6.476759 0.5714402 1.419429 6.435662 0.9116286 1.19119 6.499212 0.5256523 1.185891 6.490327 0.949126 0.9558912 6.495849 0.4977638 0.9492732 6.486174 0.8673939 -0.002060823 6.397475 0.5633125 -0.001182683 6.336623 0 0 0 0 0 0 0 0 0 0.9449576 0.9468579 6.474341 0.9383335 0.91368 6.453089 0.93087 0.8769726 6.445498 0.9688637 0.8822636 6.475808 0.985191 0.8498574 6.481335 0.9903603 0.8306561 6.483325 0.9738497 0.8798895 6.498067 0.9883941 0.8425347 6.50389 0.9933188 0.8201216 6.506348 0 0 0 0 0 0 0 0 0 0 0 0 0 0 0 0 0 0 0.5045322 0.9374366 6.466793 0.5162598 0.9030877 6.450091 0.5282807 0.8668146 6.450806 0.4876881 0.8715504 6.477811 0.4811409 0.8363827 6.486038 0.4852298 0.8170764 6.489188 0.4812813 0.8722371 6.499821 0.4792581 0.833365 6.511033 0.4865979 0.8120452 6.515955 0 0 0 0 0 0 0 0 0 0 0 0 0 0 0 0 0 0 0 0 0 0 0 0
27 0.7409589 1.000705 6.451357 0.8248131 1.00052 6.465126 0.657105 1.00089 6.437588 0.8228153 0.5778081 6.415901 0.6360379 0.5800418 6.376274 0.8208401 0.09679129 6.518009 0.5900464 0.09730493 6.459515 0.7400565 1.110041 6.45832 0.7429956 1.26103 6.44821 0.7419271 1.506985 6.454081 0.7405324 1.585406 6.453021 0.7828959 1.453644 6.461053 0.7006174 1.453516 6.45147 0.8888361 1.428556 6.479784 0.5953485 1.42087 6.443963 0.9363045 1.189941 6.500634 0.5503763 1.186575 6.496008 0.9738619 0.9546643 6.49649 0.5217277 0.9500123 6.495651 0.8642453 -0.001814894 6.397346 0.5604205 -0.00184799 6.335186 0 0 0 0 0 0 0 0 0 0.9695265 0.9454484 6.475094 0.9630495 0.9121203 6.454031 0.9559934 0.8752828 6.446685 0.9944521 0.8812405 6.47656 1.010758 0.8488395 6.482179 1.015682 0.8295807 6.484237 0.9997929 0.8790675 6.498757 1.014331 0.8417478 6.504815 1.018933 0.8192812 6.507406 0 0 0 0 0 0 0 0 0 0 0 0 0 0 0 0 0 0 0.5281978 0.9384412 6.476009 0.5394524 0.9043635 6.458448 0.5510111 0.867934 6.45823 0.5102612 0.8726538 6.485828 0.5045785 0.8372127 6.493505 0.509613 0.8180613 6.496199 0.5039711 0.8730212 6.507879 0.5028732 0.8339658 6.518571 0.5114032 0.8129788 6.522979 0 0 0 0 0 0 0 0 0 0 0 0 0 0 0 0 0 0 0 0 0 0 0 0
28 0.7582258 1.000867 6.456561 0.8421454 1.000933 6.469926 0.6743064 1.000802 6.443195 0.8332712 0.5788262 6.417282 0.6502988 0.5800313 6.381243 0.8170996 0.09768089 6.516916 0.5866897 0.09809952 6.458508 0.7570868 1.110223 6.463177 0.7608088 1.261154 6.452477 0.7629173 1.507131 6.457004 0.765574 1.58548 6.454305 0.8031876 1.453304 6.4643 0.7209214 1.454186 6.454652 0.9087636 1.426924 6.483314 0.6147093 1.42446 6.448409 0.9544588 1.188076 6.505414 0.5658168 1.189763 6.494796 0.989962 0.9524542 6.503272 0.533115 0.9537413 6.497479 0.8602986 -0.000675492 6.395976 0.5571344 -0.0007724836 6.333939 0 0 0 0 0 0 0 0 0 0.9853334 0.9430149 6.482034 0.9777116 0.9096307 6.46145 0.9694005 0.872948 6.454662 1.008146 0.8780617 6.484634 1.022771 0.8449902 6.490932 1.026487 0.8255025 6.493339 1.013407 0.8761008 6.50687 1.026053 0.8382362 6.513738 1.029204 0.815572 6.516747 0 0 0 0 0 0 0 0 0 0 0 0 0 0 0 0 0 0 0.5397642 0.9426029 6.477648 0.5508306 0.9089793 6.459119 0.5616065 0.8723344 6.457783 0.5196617 0.8771079 6.484886 0.5154324 0.8412707 6.491603 0.5221391 0.8225754 6.493813 0.5128015 0.8769721 6.506769 0.5130833 0.8376377 6.516442 0.5236095 0.81745 6.520223 0 0 0 0 0 0 0 0 0 0 0 0 0 0 0 0 0 0 0 0 0 0 0 0
29 0.7659281 1.001548 6.46164 0.8497151 1.001598 6.475813 0.6821413 1.001498 6.447466 0.8396069 0.5801974 6.419208 0.6516664 0.5816506 6.382718 0.8145313 0.09911635 6.516341 0.5832926 0.1002483 6.458598 0.7648762 1.110949 6.467471 0.7704042 1.26169 6.455012 0.7763749 1.507633 6.457315 0.7809269 1.58581 6.452769 0.8156273 1.453246 6.465889 0.7335874 1.455343 6.454635 0.9203422 1.425383 6.487385 0.6267018 1.428435 6.44721 0.9618741 1.186076 6.512525 0.5719143 1.194252 6.489419 0.9934554 0.9498876 6.513227 0.532843 0.9592281 6.493919 0.8571157 0.0004499629 6.395436 0.5536196 0.001499049 6.33396 0 0 0 0 0 0 0 0 0 0.989141 0.9402773 6.491999 0.9812369 0.9069795 6.471381 0.9722719 0.8704364 6.464673 1.010653 0.8749465 6.495897 1.022582 0.8409075 6.502705 1.024051 0.8211249 6.505125 1.01536 0.8731598 6.518271 1.025031 0.8345382 6.525733 1.025385 0.8116596 6.528746 0 0 0 0 0 0 0 0 0 0 0 0 0 0 0 0 0 0 0.5396326 0.9480733 6.474144 0.5504121 0.9145523 6.455264 0.5601343 0.8776361 6.453415 0.5165833 0.8834017 6.479839 0.5152594 0.8473358 6.486532 0.5248744 0.8299565 6.488743 0.5090462 0.883276 6.501498 0.5121311 0.8440216 6.511007 0.5260414 0.8259387 6.514493 0 0 0 0 0 0 0 0 0 0 0 0 0 0 0 0 0 0 0 0 0 0 0 0
30 0.7639531 1.002749 6.46272 0.8474011 1.002504 6.478767 0.6805052 1.002994 6.446673 0.840792 0.5816666 6.41921 0.6499391 0.5832382 6.381927 0.8152889 0.100798 6.515982 0.5834938 0.1019323 6.459486 0.7632689 1.112184 6.467947 0.7690374 1.262766 6.4538 0.7770962 1.508661 6.454267 0.7826551 1.586763 6.449562 0.8155278 1.454017 6.464719 0.7339736 1.456716 6.450464 0.9191411 1.425464 6.490266 0.6272018 1.430592 6.439466 0.9591379 1.186257 6.518642 0.5691479 1.197206 6.481724 0.9899356 0.9499983 6.522662 0.5277417 0.9626163 6.487748 0.8582476 0.001888819 6.395408 0.5544412 0.003331654 6.334583 0 0 0 0 0 0 0 0 0 0.9863255 0.9400904 6.50144 0.9787087 0.9068728 6.480586 0.9695033 0.8703983 6.47383 1.007164 0.8746721 6.507124 1.014965 0.8394799 6.514048 1.012797 0.8197046 6.515947 1.011034 0.8731999 6.529681 1.016176 0.8337471 6.537289 1.011938 0.8111797 6.539611 0 0 0 0 0 0 0 0 0 0 0 0 0 0 0 0 0 0 0.5347902 0.9509982 6.468334 0.5455723 0.9170703 6.450196 0.5548167 0.8800019 6.449089 0.5104798 0.8868434 6.474604 0.5094423 0.850926 6.482099 0.5195221 0.833895 6.484877 0.5024419 0.8872309 6.496078 0.5056885 0.8481668 6.506291 0.5201195 0.8305972 6.510253 0 0 0 0 0 0 0 0 0 0 0 0 0 0 0 0 0 0 0 0 0 0 0 0
31 0.7503818 1.004416 6.456979 0.8332101 1.004221 6.475967 0.6675537 1.004611 6.43799 0.8367117 0.5831045 6.418149 0.6464345 0.5839202 6.377041 0.8205045 0.1021869 6.516659 0.5879123 0.102992 6.461473 0.7493873 1.113837 6.46244 0.7550402 1.264463 6.44872 0.7617616 1.510398 6.449287 0.7678667 1.588513 6.445587 0.8001826 1.455965 6.460825 0.7190404 1.45822 6.444319 0.9031671 1.427983 6.489371 0.6128834 1.431118 6.430182 0.9438044 1.189064 6.519218 0.5553665 1.197747 6.473248 0.9763387 0.9530928 6.525714 0.5167339 0.9626349 6.476841 0.8637026 0.003269859 6.396176 0.5591973 0.004681937 6.336263 0 0 0 0 0 0 0 0 0 0.9735973 0.9428412 6.504526 0.9669923 0.9095241 6.483486 0.9583734 0.8729161 6.476679 0.9951711 0.877825 6.511845 1.000378 0.8420904 6.518418 0.9957649 0.8226777 6.519532 0.9982917 0.8767211 6.534538 1.000646 0.8369287 6.541739 0.993306 0.815085 6.54301 0 0 0 0 0 0 0 0 0 0 0 0 0 0 0 0 0 0 0.5241934 0.9509421 6.457626 0.5348885 0.916746 6.439947 0.5436972 0.8795601 6.43933 0.4994808 0.8869006 6.463465 0.4953284 0.851118 6.470513 0.5030311 0.8329162 6.473469 0.4909376 0.8873716 6.484742 0.4908744 0.8480865 6.494617 0.5025729 0.8286877 6.49903 0 0 0 0 0 0 0 0 0 0 0 0 0 0 0 0 0 0 0 0 0 0 0 0
32 0.7275108 1.005748 6.44758 0.8097417 1.005052 6.468998 0.6452801 1.006444 6.426162 0.8254945 0.5835572 6.415231 0.636759 0.5847052 6.370237 0.8248724 0.1028353 6.51668 0.5924667 0.1036585 6.461751 0.726728 1.115111 6.45414 0.7314554 1.265874 6.441624 0.7356194 1.511859 6.443421 0.7398971 1.590092 6.439641 0.7743316 1.457769 6.455585 0.6935627 1.45927 6.437262 0.8769456 1.43074 6.4863 0.5881726 1.430767 6.420404 0.9181372 1.191848 6.515598 0.5324878 1.196923 6.463315 0.9516188 0.9559756 6.520722 0.4976332 0.9611949 6.463834 0.868173 0.003765292 6.39636 0.5637421 0.005493753 6.33643 0 0 0 0 0 0 0 0 0 0.9495334 0.9456697 6.499485 0.9438177 0.9122067 6.478417 0.935743 0.8754994 6.471479 0.9714842 0.8808601 6.507483 0.9775973 0.8452446 6.513922 0.9737731 0.8256511 6.51484 0.97401 0.8798162 6.530253 0.9773704 0.8400387 6.537129 0.9709568 0.8178898 6.538091 0 0 0 0 0 0 0 0 0 0 0 0 0 0 0 0 0 0 0.5054706 0.9495118 6.444764 0.516595 0.9151739 6.427633 0.5259076 0.878106 6.427671 0.4823015 0.884941 6.451083 0.4754846 0.8495036 6.457794 0.480641 0.8304293 6.460786 0.4736446 0.8853986 6.472315 0.4707998 0.8461103 6.481759 0.4794235 0.8251966 6.486329 0 0 0 0 0 0 0 0 0 0 0 0 0 0 0 0 0 0 0 0 0 0 0 0
33 0.7084157 1.005626 6.444182 0.7902499 1.004338 6.467043 0.6265814 1.006914 6.421321 0.8194386 0.5839432 6.412376 0.6267733 0.5849478 6.367308 0.8279741 0.1041022 6.516133 0.5953938 0.1038744 6.463251 0.7078196 1.114872 6.452471 0.7125905 1.265638 6.440005 0.7160442 1.511624 6.442888 0.7205402 1.589869 6.439661 0.7546314 1.457587 6.455667 0.674274 1.458951 6.435607 0.8566255 1.430813 6.488591 0.5694776 1.429807 6.416317 0.8960486 1.191643 6.518059 0.5154132 1.195228 6.45724 0.9286405 0.9556637 6.523929 0.4828336 0.9591837 6.455111 0.8716276 0.004735537 6.396185 0.5666597 0.006193019 6.337555 0 0 0 0 0 0 0 0 0 0.9269639 0.9450519 6.502807 0.9216819 0.9108999 6.482755 0.9136645 0.8740481 6.476556 0.9480253 0.880153 6.512327 0.9579716 0.8457386 6.520328 0.957944 0.8258803 6.522568 0.9499844 0.8794363 6.535165 0.9575965 0.8405156 6.543415 0.9559746 0.817625 6.54587 0 0 0 0 0 0 0 0 0 0 0 0 0 0 0 0 0 0 0.4912406 0.9476365 6.436202 0.5032793 0.9133114 6.419673 0.5135947 0.8765174 6.420412 0.4705658 0.8822731 6.443006 0.4615815 0.8472596 6.449381 0.4643102 0.8276924 6.452391 0.4617637 0.8825922 6.46418 0.4566262 0.8434173 6.473112 0.4621992 0.8215013 6.477723 0 0 0 0 0 0 0 0 0 0 0 0 0 0 0 0 0 0 0 0 0 0 0 0
34 0.6891541 1.004703 6.446031 0.7708009 1.003223 6.469542 0.6075075 1.006183 6.422521 0.8151051 0.5848328 6.411498 0.6149907 0.5846514 6.366703 0.8363572 0.1054417 6.51428 0.6020093 0.1032189 6.464299 0.6888251 1.11397 6.454053 0.6937304 1.264518 6.439236 0.6968949 1.510525 6.439745 0.7011206 1.588799 6.436893 0.7354428 1.45666 6.453343 0.6552383 1.457734 6.432662 0.8372842 1.430382 6.487128 0.5508409 1.427714 6.412572 0.8761249 1.191506 6.5196 0.4970502 1.193452 6.455617 0.9089162 0.9556358 6.528131 0.4647741 0.9573625 6.453902 0.8786595 0.002851911 6.396584 0.573172 0.005416848 6.338721 0 0 0 0 0 0 0 0 0 0.9079559 0.9447252 6.507117 0.9038588 0.9099918 6.4878 0.896701 0.872878 6.482135 0.9296951 0.8802761 6.518063 0.9425895 0.8472388 6.527527 0.9453046 0.8277251 6.530875 0.9310564 0.8798872 6.540952 0.9418912 0.8420619 6.55058 0.9436854 0.8193536 6.554288 0 0 0 0 0 0 0 0 0 0 0 0 0 0 0 0 0 0 0.4734946 0.9455271 6.435316 0.4858827 0.9108643 6.419781 0.4965034 0.8741945 6.421595 0.4537563 0.880024 6.443432 0.4432092 0.8455095 6.450126 0.4443618 0.8258367 6.453447 0.4447929 0.8806798 6.46453 0.4381163 0.8418308 6.473859 0.4417882 0.819604 6.478871 0 0 0 0 0 0 0 0 0 0 0 0 0 0 0 0 0 0 0 0 0 0 0 0
36 0.7201343 0.9736968 6.466822 0.8028612 0.9739724 6.486246 0.6374073 0.9734211 6.447398 0.826167 0.5775897 6.345567 0.6573381 0.5812196 6.296703 0.7995542 0.09888294 6.429549 0.5970381 0.2052839 6.598791 0.7188842 1.083187 6.470592 0.7229085 1.233662 6.454801 0.7278656 1.479507 6.446751 0.7293551 1.557367 6.437336 0.766106 1.425859 6.461975 0.685782 1.426817 6.441758 0.871243 1.407031 6.490177 0.5795835 1.409243 6.416924 0.9067013 1.174826 6.556875 0.5109634 1.179444 6.462843 0.944273 0.9395621 6.552174 0.4819947 0.9453708 6.428877 0.8395839 0.0001808554 6.307802 0.5883536 0.04650871 6.569095 0 0 0 0 0 0 0 0 0 0.9411964 0.9278876 6.531783 0.9365115 0.8921947 6.514451 0.9304583 0.8548281 6.509173 0.9653926 0.8642612 6.542378 0.9822834 0.832348 6.548978 0.9887533 0.8136405 6.551725 0.9693184 0.8647192 6.564969 0.9785865 0.8263942 6.574249 0.978429 0.8036282 6.578034 0 0 0 0 0 0 0 0 0 0 0 0 0 0 0 0 0 0 0.4945617 0.9346695 6.411874 0.5088328 0.9012986 6.395169 0.517631 0.8644241 6.390309 0.4670071 0.871976 6.404365 0.4550394 0.837386 6.401605 0.4556203 0.8174102 6.401681 0.452382 0.8714213 6.422021 0.4424026 0.8321897 6.423477 0.4457245 0.8095497 6.426485 0 0 0 0 0 0 0 0 0 0 0 0 0 0 0 0 0 0 0 0 0 0 0 0
37 0.784289 0.9713081 6.214674 0.865729 0.9737404 6.238814 0.7028492 0.9688756 6.190534 0.8631249 0.5534486 6.20103 0.7433481 0.6077513 5.977773 0.7872015 0.1027741 6.370988 0.7449303 0.1211938 5.978624 0.7808951 1.080816 6.215089 0.7863267 1.231108 6.198016 0.7868913 1.476592 6.181692 0.7882763 1.553552 6.166586 0.8261553 1.424164 6.198482 0.7457203 1.423035 6.17872 0.9325907 1.411359 6.22515 0.6390713 1.408328 6.153953 0.9906105 1.176067 6.255083 0.5677901 1.19798 6.255429 1.04679 0.9536113 6.190736 0.531193 0.9683069 6.307333 0.8241665 -0.001398541 6.252885 0.7551359 0.04408022 5.836793 0 0 0 0 0 0 0 0 0 1.041684 0.9498424 6.167905 1.03551 0.9203838 6.141629 1.030794 0.88595 6.125729 1.075143 0.8923108 6.150109 1.095923 0.8636294 6.140473 1.104315 0.8466182 6.134183 1.082868 0.8851932 6.170495 1.097476 0.8487807 6.160416 1.099408 0.8268676 6.153436 0 0 0 0 0 0 0 0 0 0 0 0 0 0 0 0 0 0 0.5427551 0.9509599 6.296066 0.554472 0.9128144 6.294075 0.5611377 0.8762807 6.303108 0.5107912 0.8924069 6.31327 0.4972966 0.8599327 6.323788 0.4968042 0.8414707 6.331422 0.4963986 0.8998236 6.329511 0.484489 0.8647321 6.34587 0.4868817 0.8448836 6.357399 0 0 0 0 0 0 0 0 0 0 0 0 0 0 0 0 0 0 0 0 0 0 0 0
38 0.8657791 0.9298568 5.867435 0.9469621 0.9268077 5.892358 0.7845962 0.9329059 5.842512 0.9468983 0.5063121 5.902931 0.8534479 0.5870726 5.611782 0.8450367 0.171739 6.24043 0.8801694 0.1025678 5.571424 0.8685263 1.039294 5.871874 0.8665078 1.189328 5.852016 0.8568336 1.434921 5.841072 0.8579004 1.51217 5.827497 0.8987029 1.383775 5.85533 0.8177214 1.379828 5.838359 1.006541 1.374444 5.877407 0.7107491 1.362442 5.816951 1.07683 1.14065 5.882416 0.6463959 1.155932 5.930254 1.147936 0.9339432 5.787553 0.6043622 0.9310858 5.997039 0.8493412 0.01249494 6.212332 0.9132971 0.01501121 5.439503 0 0 0 0 0 0 0 0 0 1.14244 0.9349869 5.764525 1.136155 0.9114659 5.732846 1.132435 0.8811249 5.709904 1.180523 0.8866177 5.733602 1.201939 0.8610205 5.718324 1.209628 0.845405 5.708505 1.189563 0.8758447 5.751717 1.205206 0.842598 5.734664 1.205649 0.8223526 5.723593 0 0 0 0 0 0 0 0 0 0 0 0 0 0 0 0 0 0 0.6133317 0.9114944 5.987176 0.6235307 0.8730084 5.990512 0.630273 0.8381133 6.00457 0.5810066 0.8585347 6.017117 0.5675482 0.828832 6.033967 0.5672225 0.8116892 6.044233 0.5694005 0.8692541 6.03374 0.5581301 0.8377222 6.056534 0.5612311 0.8195898 6.070471 0 0 0 0 0 0 0 0 0 0 0 0 0 0 0 0 0 0 0 0 0 0 0 0
40 0.9351779 0.9736448 5.45911 1.017659 0.9671428 5.478493 0.8526968 0.9801466 5.439727 1.08459 0.6019922 5.280685 0.8745215 0.5586749 5.412676 1.083702 0.1185388 5.3308 0.8669845 0.1007163 5.582966 0.9422362 1.082781 5.465683 0.938628 1.233485 5.452123 0.9383019 1.479319 5.442388 0.9411542 1.55685 5.430823 0.9774008 1.426641 5.458778 0.8975073 1.42567 5.436922 1.082406 1.411461 5.489552 0.7915747 1.407235 5.411581 1.118949 1.181552 5.563249 0.7252128 1.173438 5.435249 1.151086 0.945447 5.565355 0.7038722 0.9454826 5.36919 1.137861 0.02763883 5.208445 0.8754858 0.001954593 5.455135 0 0 0 0 0 0 0 0 0 1.146996 0.9334818 5.545313 1.137801 0.8982607 5.528843 1.127864 0.8616095 5.524519 1.168546 0.8690644 5.556806 1.179025 0.8346842 5.564254 1.179521 0.8148891 5.566953 1.173031 0.8698372 5.579283 1.178992 0.8310265 5.589234 1.175104 0.808601 5.593058 0 0 0 0 0 0 0 0 0 0 0 0 0 0 0 0 0 0 0.7178251 0.9390427 5.351151 0.7344873 0.9105249 5.328669 0.7452489 0.8758924 5.316606 0.6936203 0.8784734 5.328979 0.6829825 0.8450642 5.318118 0.6838781 0.8255687 5.313818 0.6780943 0.8737118 5.345172 0.6694697 0.8349307 5.337267 0.6729847 0.8122134 5.335216 0 0 0 0 0 0 0 0 0 0 0 0 0 0 0 0 0 0 0 0 0 0 0 0
41 0.9826635 0.9356902 5.172162 1.065381 0.9306998 5.190978 0.8999462 0.9406803 5.153345 1.12217 0.5900637 4.950093 0.9018199 0.5219837 5.193577 1.10907 0.1058336 4.904874 0.8580912 0.1583192 5.513042 0.9884784 1.045043 5.1756 0.9868855 1.195696 5.161118 0.9928986 1.441468 5.15167 0.9942187 1.51895 5.139515 1.02973 1.387889 5.170245 0.9512429 1.388792 5.143776 1.13311 1.372269 5.205912 0.8465494 1.376591 5.110699 1.146988 1.149592 5.305143 0.7705591 1.144552 5.107767 1.186877 0.9153429 5.32301 0.754993 0.9328064 4.999579 1.153116 0.02275817 4.773249 0.8821921 0.01380461 5.444475 0 0 0 0 0 0 0 0 0 1.186224 0.899987 5.304973 1.180979 0.8622267 5.293016 1.17305 0.8248408 5.292578 1.206412 0.8393793 5.330765 1.219171 0.8076326 5.344056 1.222655 0.7888508 5.349928 1.207198 0.8441457 5.353184 1.21201 0.8073665 5.369462 1.208653 0.7855419 5.376174 0 0 0 0 0 0 0 0 0 0 0 0 0 0 0 0 0 0 0.7712206 0.9304348 4.982474 0.7899953 0.9077682 4.955454 0.8016398 0.8776015 4.93508 0.7478012 0.8809285 4.94068 0.738252 0.8529503 4.918923 0.7393757 0.8355286 4.909197 0.7297618 0.873252 4.952579 0.7212115 0.8390361 4.932653 0.724575 0.8175986 4.924794 0 0 0 0 0 0 0 0 0 0 0 0 0 0 0 0 0 0 0 0 0 0 0 0
42 1.063036 0.9703137 4.830655 1.144461 0.9705215 4.854968 0.9816116 0.9701059 4.806342 1.170399 0.5752743 4.712424 1.023234 0.5901718 4.630713 1.11235 0.100123 4.7988 0.956336 0.2183384 4.936467 1.062182 1.079855 4.832579 1.066915 1.229964 4.813782 1.074098 1.475435 4.798898 1.076142 1.552587 4.784886 1.110858 1.422075 4.818225 1.032082 1.422827 4.792626 1.215051 1.406886 4.851642 0.9273326 1.411525 4.759407 1.247288 1.176656 4.926339 0.8495834 1.186637 4.814229 1.295711 0.9438013 4.911618 0.8213667 0.9510311 4.7924 1.155367 0.0005291924 4.678812 0.9445065 0.05799051 4.918708 0 0 0 0 0 0 0 0 0 1.293547 0.9321474 4.891098 1.293898 0.896627 4.872808 1.292703 0.8590996 4.865666 1.32207 0.8702566 4.901198 1.34307 0.8403983 4.905041 1.353076 0.8231677 4.906583 1.325853 0.8707588 4.923811 1.336755 0.8324208 4.931033 1.337429 0.8094851 4.933512 0 0 0 0 0 0 0 0 0 0 0 0 0 0 0 0 0 0 0.8358321 0.938644 4.778298 0.8505667 0.9035861 4.766044 0.8585173 0.8663047 4.763281 0.8055154 0.8775105 4.768826 0.7926782 0.8433375 4.764989 0.7922107 0.8233703 4.765669 0.7881074 0.8788473 4.783695 0.7759476 0.8402216 4.784716 0.7778023 0.8176438 4.789125 0 0 0 0 0 0 0 0 0 0 0 0 0 0 0 0 0 0 0 0 0 0 0 0
43 1.189397 0.9923422 4.397587 1.272006 0.9929752 4.417496 1.106787 0.9917091 4.377679 1.27198 0.573211 4.361261 1.111981 0.5889331 4.252234 1.23452 0.101476 4.485903 1.079367 0.1096327 4.334988 1.187426 1.101785 4.402284 1.191757 1.252554 4.389691 1.192286 1.498575 4.388041 1.192382 1.576747 4.381562 1.232197 1.445229 4.399599 1.150839 1.445299 4.384031 1.337871 1.424187 4.423969 1.044389 1.420658 4.367752 1.388905 1.186813 4.449923 0.9870182 1.192271 4.432351 1.429262 0.9530014 4.427863 0.9550899 0.9563768 4.44319 1.283889 -0.001203947 4.371072 1.064753 0.009533621 4.20876 0 0 0 0 0 0 0 0 0 1.4252 0.9450799 4.405902 1.419223 0.9125646 4.383466 1.41303 0.8761168 4.373774 1.452612 0.8819427 4.40301 1.469535 0.8493965 4.4043 1.474806 0.8301254 4.403849 1.458125 0.8784952 4.425003 1.471398 0.8402734 4.426942 1.473746 0.8173147 4.426775 0 0 0 0 0 0 0 0 0 0 0 0 0 0 0 0 0 0 0.9646229 0.9430359 4.426081 0.9769564 0.9073098 4.413126 0.9863248 0.8703194 4.415296 0.9406385 0.8792258 4.436038 0.9316183 0.8444192 4.443417 0.9346234 0.8251171 4.447632 0.9300303 0.8815816 4.456234 0.9244736 0.8432119 4.46797 0.9307711 0.8220891 4.474811 0 0 0 0 0 0 0 0 0 0 0 0 0 0 0 0 0 0 0 0 0 0 0 0
45 1.18584 0.9609064 4.330193 1.267062 0.9549349 4.35445 1.104618 0.9668778 4.305935 1.299181 0.5591869 4.215597 1.146666 0.5813049 4.142377 1.218307 0.2074506 4.541114 1.140656 0.1002438 4.21385 1.191974 1.070112 4.336535 1.190322 1.220192 4.316999 1.184954 1.46607 4.310324 1.186351 1.543898 4.300636 1.225625 1.413977 4.324626 1.145017 1.411704 4.305685 1.331816 1.399288 4.351294 1.038786 1.39082 4.283717 1.388058 1.162612 4.372412 0.9749905 1.168714 4.362608 1.438607 0.9358554 4.31941 0.9373794 0.9347032 4.387256 1.22537 0.04585167 4.539495 1.151065 0.002924651 4.085058 0 0 0 0 0 0 0 0 0 1.434575 0.931011 4.296566 1.427269 0.9004291 4.271914 1.420611 0.865153 4.258799 1.464951 0.8704152 4.284256 1.480509 0.8373978 4.280369 1.483939 0.8180414 4.276772 1.470981 0.8640936 4.30546 1.479697 0.8247043 4.301806 1.475927 0.8022564 4.297997 0 0 0 0 0 0 0 0 0 0 0 0 0 0 0 0 0 0 0.9469041 0.9190067 4.372274 0.9583853 0.8816229 4.364092 0.9661381 0.8445051 4.368881 0.9173326 0.8584793 4.386699 0.9065794 0.8247251 4.396307 0.9086493 0.8057624 4.402266 0.9056664 0.8636761 4.405746 0.8976058 0.826722 4.420247 0.9032143 0.8061932 4.429177 0 0 0 0 0 0 0 0 0 0 0 0 0 0 0 0 0 0 0 0 0 0 0 0
46 1.208056 0.9690583 4.095604 1.290181 0.9611545 4.115955 1.125932 0.9769621 4.075253 1.370365 0.6160028 3.889308 1.160123 0.5593396 4.024642 1.329684 0.1497156 4.020234 1.157249 0.09963901 4.187444 1.216769 1.078038 4.102769 1.210974 1.22851 4.087502 1.208522 1.474217 4.07521 1.21061 1.551335 4.061014 1.247783 1.422089 4.092916 1.168352 1.420125 4.069497 1.353133 1.410928 4.124228 1.062888 1.404712 4.040454 1.392205 1.181724 4.19882 0.9942957 1.172226 4.069956 1.432358 0.947229 4.185304 0.9753122 0.9434589 4.006017 1.380085 0.02593024 3.92911 1.179381 0.0006793886 4.061413 0 0 0 0 0 0 0 0 0 1.428038 0.9363782 4.164684 1.420128 0.9013364 4.147197 1.412024 0.8644617 4.141253 1.453036 0.8725057 4.171124 1.465655 0.83825 4.174947 1.46771 0.8183928 4.17586 1.458374 0.8720647 4.193423 1.464642 0.8327105 4.200688 1.459955 0.8102322 4.203012 0 0 0 0 0 0 0 0 0 0 0 0 0 0 0 0 0 0 0.9903675 0.9359007 3.98935 1.007789 0.9062141 3.969064 1.018843 0.8713983 3.95782 0.9653165 0.8758028 3.966838 0.9551259 0.8423555 3.955669 0.9560566 0.8227689 3.951813 0.9483376 0.8721882 3.981824 0.9394437 0.8334073 3.974223 0.9428984 0.8106105 3.973218 0 0 0 0 0 0 0 0 0 0 0 0 0 0 0 0 0 0 0 0 0 0 0 0
47 1.278987 0.9288504 3.749146 1.36095 0.9215626 3.77036 1.197023 0.9361384 3.727933 1.432658 0.5903996 3.519266 1.198022 0.5204669 3.797008 1.428642 0.1119922 3.426671 1.153172 0.1411828 4.098985 1.287819 1.038003 3.752518 1.284101 1.188535 3.737194 1.28918 1.434181 3.724488 1.291209 1.511361 3.710629 1.325723 1.381061 3.744862 1.248028 1.381181 3.716137 1.428597 1.367626 3.782809 1.144273 1.370149 3.679849 1.437823 1.147741 3.888594 1.068275 1.138319 3.66964 1.477505 0.9138541 3.911068 1.062175 0.935127 3.545306 1.47623 0.05677148 3.282266 1.185691 0.00857272 4.012244 0 0 0 0 0 0 0 0 0 1.476703 0.897857 3.893603 1.470286 0.8597992 3.883271 1.461312 0.8226555 3.884027 1.495683 0.8379086 3.921746 1.507455 0.8062565 3.936129 1.510367 0.7875776 3.942609 1.496407 0.8434839 3.943979 1.499696 0.807209 3.961703 1.495081 0.7858099 3.969012 0 0 0 0 0 0 0 0 0 0 0 0 0 0 0 0 0 0 1.079801 0.9345134 3.529479 1.100847 0.9147907 3.501831 1.114563 0.8872436 3.479164 1.060235 0.8898145 3.480845 1.053048 0.8643884 3.455366 1.05514 0.8481865 3.443856 1.041291 0.8809962 3.490296 1.034939 0.8491277 3.466111 1.039233 0.8286794 3.45631 0 0 0 0 0 0 0 0 0 0 0 0 0 0 0 0 0 0 0 0 0 0 0 0
49 1.385269 0.9858391 3.364226 1.467176 0.9864485 3.386851 1.303361 0.9852296 3.3416 1.46929 0.5695115 3.31798 1.327813 0.603197 3.167297 1.417918 0.1006521 3.444325 1.299411 0.1337837 3.290037 1.383725 1.095358 3.366864 1.388508 1.245781 3.350789 1.390179 1.491601 3.340816 1.390605 1.569218 3.329492 1.429272 1.438571 3.356045 1.348736 1.438333 3.336668 1.534936 1.421913 3.383635 1.242311 1.419905 3.313476 1.58362 1.185761 3.422199 1.176258 1.198168 3.391545 1.627923 0.9542798 3.387034 1.143123 0.9630122 3.411215 1.461411 -0.0007961169 3.326074 1.294642 0.01815768 3.177011 0 0 0 0 0 0 0 0 0 1.623974 0.9468986 3.364865 1.618997 0.9143247 3.342271 1.61401 0.8780304 3.33138 1.653345 0.8847787 3.359912 1.671969 0.853173 3.35868 1.678899 0.8345073 3.356963 1.659104 0.880847 3.38176 1.671505 0.842285 3.381628 1.672278 0.8192709 3.380083 0 0 0 0 0 0 0 0 0 0 0 0 0 0 0 0 0 0 1.154462 0.948146 3.396655 1.166796 0.9112458 3.387568 1.174613 0.8740144 3.39124 1.126362 0.8861098 3.407049 1.114701 0.8520095 3.414014 1.115358 0.8326945 3.4191 1.113 0.890286 3.425213 1.103673 0.8527768 3.437334 1.107281 0.8315927 3.445751 0 0 0 0 0 0 0 0 0 0 0 0 0 0 0 0 0 0 0 0 0 0 0 0
50 1.4396 0.9440537 3.074092 1.520301 0.9461511 3.100627 1.3589 0.9419561 3.047556 1.5129 0.5257221 3.11645 1.422745 0.6027167 2.805559 1.414313 0.130441 3.38185 1.444256 0.1200643 2.743396 1.435927 1.053525 3.07661 1.439864 1.20388 3.059691 1.436146 1.449464 3.045412 1.438354 1.526543 3.031029 1.476288 1.397596 3.061859 1.39593 1.395218 3.041896 1.58279 1.385682 3.088675 1.289511 1.378522 3.017404 1.652395 1.151802 3.097631 1.221349 1.171716 3.127903 1.720008 0.9408235 3.009885 1.177132 0.9483179 3.198055 1.441229 0.003512345 3.285251 1.477283 0.08010276 2.590167 0 0 0 0 0 0 0 0 0 1.714465 0.9414975 2.986855 1.707404 0.9182834 2.955113 1.702775 0.8879544 2.932321 1.751009 0.8913346 2.956951 1.771525 0.8649656 2.94175 1.778609 0.849021 2.932005 1.759794 0.8807208 2.975285 1.775328 0.847314 2.958447 1.776138 0.82703 2.947468 0 0 0 0 0 0 0 0 0 0 0 0 0 0 0 0 0 0 1.186328 0.9289138 3.188031 1.196545 0.8903958 3.190911 1.20284 0.8553874 3.204894 1.153037 0.8754273 3.215906 1.139538 0.8454795 3.232283 1.13964 0.8282839 3.242465 1.140991 0.8858253 3.23242 1.129585 0.8539762 3.254699 1.13308 0.8358327 3.268528 0 0 0 0 0 0 0 0 0 0 0 0 0 0 0 0 0 0 0 0 0 0 0 0
51 1.522017 0.9499958 2.730349 1.601722 0.9409495 2.758391 1.442311 0.9590421 2.702307 1.657364 0.5569537 2.595973 1.510925 0.5786158 2.536228 1.546143 0.2522636 2.957933 1.520951 0.09924153 2.616448 1.531685 1.058862 2.737988 1.527795 1.20863 2.716473 1.519086 1.454243 2.705159 1.518836 1.531577 2.692035 1.559819 1.403048 2.722253 1.48022 1.399185 2.699654 1.666005 1.393817 2.751286 1.375069 1.381473 2.670788 1.724259 1.158585 2.781235 1.304934 1.162479 2.752933 1.784895 0.9375321 2.716105 1.268664 0.9274489 2.768038 1.551894 0.09603485 2.999481 1.548941 0.001348939 2.490749 0 0 0 0 0 0 0 0 0 1.780253 0.933027 2.693307 1.773687 0.9011343 2.670154 1.768649 0.8653803 2.657623 1.814648 0.8753701 2.677857 1.835343 0.8454588 2.672924 1.843164 0.8274641 2.66913 1.822072 0.8689509 2.698585 1.83363 0.8303956 2.694032 1.83154 0.8077528 2.690086 0 0 0 0 0 0 0 0 0 0 0 0 0 0 0 0 0 0 1.279774 0.9118291 2.754103 1.291442 0.8743025 2.746896 1.298334 0.8368763 2.750433 1.247213 0.8517733 2.763005 1.233384 0.8182135 2.768464 1.232465 0.7987775 2.773022 1.233206 0.8568696 2.780434 1.220971 0.8198023 2.791259 1.222991 0.7983137 2.799432 0 0 0 0 0 0 0 0 0 0 0 0 0 0 0 0 0 0 0 0 0 0 0 0
53 1.613754 0.9602352 2.289684 1.695179 0.9551134 2.31345 1.532329 0.9653571 2.265919 1.779864 0.599966 2.10428 1.538129 0.5439234 2.273677 1.763014 0.1140642 2.105892 1.500394 0.1208132 2.512014 1.619127 1.069544 2.294832 1.618568 1.220105 2.279357 1.622565 1.466013 2.272852 1.625719 1.543929 2.264354 1.659039 1.412579 2.292515 1.581839 1.413039 2.26249 1.759552 1.394098 2.334457 1.479562 1.395227 2.22473 1.779434 1.165987 2.419279 1.408362 1.161871 2.214701 1.816489 0.9308795 2.430874 1.391728 0.9372887 2.136798 1.842828 0.04228576 1.984878 1.504731 0.002277814 2.402026 0 0 0 0 0 0 0 0 0 1.81734 0.9175667 2.411287 1.814737 0.8810276 2.395336 1.808356 0.8434755 2.392191 1.838845 0.8553012 2.431452 1.850463 0.8222666 2.442454 1.852192 0.8026999 2.446132 1.838369 0.8576221 2.454263 1.843984 0.8196988 2.467344 1.84076 0.7972475 2.471609 0 0 0 0 0 0 0 0 0 0 0 0 0 0 0 0 0 0 1.407734 0.9319097 2.120172 1.425737 0.904061 2.097885 1.435953 0.8696277 2.08482 1.384318 0.8752429 2.088759 1.373992 0.8437264 2.073031 1.374668 0.8247576 2.066778 1.366548 0.8697609 2.10218 1.357436 0.8324799 2.089221 1.359921 0.8099003 2.085143 0 0 0 0 0 0 0 0 0 0 0 0 0 0 0 0 0 0 0 0 0 0 0 0
54 1.687271 0.9585405 2.093979 1.76542 0.9589506 2.12735 1.609121 0.9581305 2.060607 1.826971 0.578345 1.958997 1.649557 0.5606881 1.928954 1.760175 0.09983834 2.012616 1.518658 0.228855 2.259064 1.685082 1.068015 2.097759 1.692848 1.218526 2.083804 1.703205 1.464293 2.079311 1.707624 1.542114 2.070513 1.736314 1.409922 2.102112 1.662468 1.41235 2.064662 1.832803 1.390355 2.152218 1.564662 1.399941 2.014825 1.845844 1.160535 2.233689 1.487296 1.168431 2.021348 1.888473 0.9260891 2.232827 1.471613 0.9370299 1.966661 1.830607 0.001449548 1.905259 1.506469 0.06781658 2.268276 0 0 0 0 0 0 0 0 0 1.889848 0.9141144 2.212424 1.888438 0.8781794 2.195017 1.883301 0.8406983 2.189583 1.912601 0.8511671 2.228734 1.926304 0.8183209 2.237714 1.930078 0.7989051 2.240571 1.911825 0.8519734 2.25164 1.916991 0.8132569 2.262372 1.913454 0.7906151 2.265107 0 0 0 0 0 0 0 0 0 0 0 0 0 0 0 0 0 0 1.489115 0.9278861 1.953561 1.507709 0.8958935 1.938491 1.517445 0.8595808 1.931611 1.464938 0.8686096 1.928107 1.454871 0.8354468 1.916017 1.455354 0.8156891 1.913054 1.445117 0.8666638 1.939476 1.435075 0.828227 1.931563 1.436937 0.8052277 1.932014 0 0 0 0 0 0 0 0 0 0 0 0 0 0 0 0 0 0 0 0 0 0 0 0
55 1.855172 0.9697816 1.765918 1.927184 0.9721636 1.810969 1.783159 0.9673996 1.720867 1.934207 0.5521389 1.772209 1.882092 0.61108 1.519953 1.810173 0.1027845 1.914726 1.885009 0.124845 1.526319 1.851771 1.07929 1.765563 1.86149 1.229605 1.750753 1.866583 1.475119 1.735711 1.872222 1.552056 1.721502 1.899784 1.42262 1.762427 1.827744 1.42161 1.721552 1.995149 1.409965 1.816732 1.732047 1.407957 1.66808 2.042067 1.174602 1.861764 1.635262 1.196735 1.743198 2.115468 0.9535703 1.811365 1.586092 0.9667152 1.781357 1.877946 -0.00115744 1.810949 1.930781 0.04412069 1.393822 0 0 0 0 0 0 0 0 0 2.116468 0.9500011 1.787959 2.117913 0.9208881 1.760633 2.118143 0.8865983 1.743754 2.154302 0.893142 1.778922 2.177016 0.8647084 1.774135 2.186615 0.8477688 1.769632 2.156639 0.885891 1.800553 2.173334 0.8495933 1.793878 2.176602 0.8277727 1.787107 0 0 0 0 0 0 0 0 0 0 0 0 0 0 0 0 0 0 1.600457 0.9494051 1.773904 1.612052 0.9111937 1.775239 1.615633 0.8745254 1.785406 1.564582 0.8909023 1.779944 1.548457 0.8583536 1.785225 1.545519 0.8397539 1.791918 1.545979 0.8982517 1.791164 1.529502 0.8630244 1.802495 1.528051 0.8429443 1.813778 0 0 0 0 0 0 0 0 0 0 0 0 0 0 0 0 0 0 0 0 0 0 0 0
56 2.059107 0.9823705 1.418918 2.133342 0.9837815 1.460249 1.984873 0.9809594 1.377586 2.14251 0.5644081 1.41669 2.045998 0.5947214 1.221184 2.040082 0.1136807 1.571002 1.997691 0.1125013 1.265358 2.05503 1.091797 1.422504 2.063256 1.242464 1.41066 2.065841 1.488464 1.408072 2.070853 1.566454 1.401329 2.100879 1.434985 1.430086 2.026604 1.43538 1.393416 2.196105 1.413365 1.48174 1.927534 1.412353 1.350307 2.245121 1.176191 1.512895 1.852225 1.185187 1.398771 2.29558 0.9441966 1.492513 1.807834 0.9514264 1.411757 2.110411 0.002693318 1.476649 2.027376 0.03708448 1.125366 0 0 0 0 0 0 0 0 0 2.297531 0.938225 1.469663 2.297885 0.9081807 1.443328 2.295119 0.8728712 1.428963 2.327303 0.8761068 1.468646 2.342852 0.8429338 1.470902 2.347019 0.82344 1.469489 2.327205 0.870781 1.490952 2.339518 0.8322211 1.492484 2.34083 0.8092896 1.490234 0 0 0 0 0 0 0 0 0 0 0 0 0 0 0 0 0 0 1.820497 0.9369384 1.397926 1.834539 0.9003893 1.389969 1.841813 0.8633357 1.395874 1.791426 0.8747522 1.403749 1.78261 0.8400735 1.411932 1.786919 0.8217638 1.418682 1.776385 0.8784596 1.420659 1.769909 0.840739 1.433927 1.777455 0.8213739 1.443962 0 0 0 0 0 0 0 0 0 0 0 0 0 0 0 0 0 0 0 0 0 0 0 0
57 2.063924 0.9927163 1.382816 2.138981 0.9923952 1.422659 1.988867 0.9930374 1.342973 2.161934 0.5784782 1.348907 2.009763 0.5827391 1.241455 2.076623 0.1236275 1.499044 1.945483 0.1020124 1.30369 2.061769 1.102145 1.387757 2.069026 1.252782 1.374931 2.072831 1.498778 1.375747 2.07845 1.576913 1.371709 2.107603 1.444826 1.397017 2.033331 1.446097 1.360361 2.201503 1.419832 1.449568 1.934313 1.420735 1.318458 2.242027 1.181598 1.484601 1.864286 1.18904 1.350682 2.281398 0.9465818 1.483996 1.823972 0.9542009 1.347759 2.14593 0.006484754 1.411632 1.959091 0.004124619 1.175629 0 0 0 0 0 0 0 0 0 2.283827 0.9380661 1.462016 2.283583 0.9059046 1.438312 2.278893 0.8695547 1.427474 2.308101 0.8739668 1.468956 2.317156 0.8388481 1.47461 2.316356 0.8188832 1.474237 2.306557 0.8710782 1.491654 2.312408 0.831382 1.497204 2.308845 0.808594 1.496399 0 0 0 0 0 0 0 0 0 0 0 0 0 0 0 0 0 0 1.836639 0.9415898 1.332201 1.851703 0.906603 1.320144 1.860147 0.8694499 1.32316 1.810317 0.8779341 1.333296 1.804547 0.8423048 1.339972 1.811239 0.8243589 1.345676 1.795826 0.8794369 1.351007 1.792989 0.8405797 1.362093 1.803213 0.8217238 1.370611 0 0 0 0 0 0 0 0 0 0 0 0 0 0 0 0 0 0 0 0 0 0 0 0
58 2.063155 1.001212 1.352773 2.137743 1.000638 1.393485 1.988568 1.001785 1.312061 2.167356 0.5859283 1.320893 1.996998 0.5831025 1.241618 2.114145 0.1175705 1.445936 1.928698 0.1028068 1.315184 2.061018 1.110617 1.358231 2.068668 1.26131 1.346343 2.072927 1.507293 1.34825 2.078906 1.585464 1.345693 2.107332 1.453185 1.369719 2.033521 1.454754 1.332153 2.199731 1.426806 1.424218 1.935264 1.427766 1.289481 2.234482 1.188164 1.462525 1.86823 1.194576 1.316936 2.267967 0.9524441 1.472402 1.832595 0.9591369 1.307901 2.1847 0.008514188 1.349523 1.937088 0.004550897 1.186957 0 0 0 0 0 0 0 0 0 2.270825 0.9425636 1.451053 2.270349 0.9094297 1.428731 2.264633 0.8727645 1.41958 2.292025 0.8780342 1.46257 2.296901 0.8422952 1.46937 2.292986 0.8227045 1.468876 2.28953 0.8765453 1.485319 2.291223 0.8366327 1.492023 2.284348 0.8146291 1.490916 0 0 0 0 0 0 0 0 0 0 0 0 0 0 0 0 0 0 1.845277 0.9474081 1.291678 1.860433 0.913097 1.277917 1.869029 0.8758988 1.279696 1.819963 0.8833497 1.290322 1.812929 0.8476339 1.295035 1.818446 0.8289695 1.299571 1.805655 0.8838604 1.308238 1.801636 0.8445047 1.316945 1.810391 0.8243896 1.324112 0 0 0 0 0 0 0 0 0 0 0 0 0 0 0 0 0 0 0 0 0 0 0 0
60 2.049989 0.9650131 1.343396 2.131694 0.9649912 1.366751 1.968284 0.965035 1.320041 2.177139 0.5868465 1.186704 1.98112 0.5460987 1.283183 2.158633 0.1012795 1.215566 1.958182 0.1187825 1.513905 2.048307 1.074398 1.349383 2.055211 1.225199 1.338433 2.054135 1.471223 1.33904 2.052471 1.549367 1.332436 2.093406 1.418023 1.353175 2.013498 1.417727 1.331352 2.198693 1.399299 1.380883 1.908324 1.396353 1.305174 2.241997 1.165352 1.435821 1.854446 1.158346 1.313815 2.273745 0.9298384 1.453383 1.849791 0.9335446 1.234912 2.221574 0.01898404 1.091338 1.949677 0.006601773 1.397673 0 0 0 0 0 0 0 0 0 2.268785 0.9158784 1.434888 2.261684 0.8787002 1.422094 2.255283 0.8410385 1.423273 2.297688 0.8548908 1.448715 2.310876 0.8214199 1.456001 2.311604 0.8016788 1.459023 2.304402 0.8579898 1.470423 2.314083 0.8203904 1.481973 2.31183 0.798084 1.487448 0 0 0 0 0 0 0 0 0 0 0 0 0 0 0 0 0 0 1.864912 0.9298556 1.217043 1.882866 0.9041426 1.192288 1.894065 0.8702213 1.178699 1.845399 0.8708022 1.187411 1.838239 0.8382275 1.172084 1.841664 0.8195583 1.16583 1.829462 0.8634853 1.202188 1.824758 0.8250065 1.190437 1.830614 0.8029909 1.186741 0 0 0 0 0 0 0 0 0 0 0 0 0 0 0 0 0 0 0 0 0 0 0 0
61 2.013865 0.9877012 1.124892 2.098287 0.9885662 1.134552 1.929443 0.9868361 1.115232 2.085995 0.5688618 1.076066 1.879162 0.5910322 0.9820447 1.998871 0.0979022 1.178823 1.894918 0.1367947 1.154209 2.011895 1.096993 1.132314 2.028766 1.246914 1.120158 2.041251 1.492621 1.121211 2.041786 1.570694 1.113643 2.079954 1.437238 1.123854 1.997235 1.441436 1.125067 2.186738 1.409062 1.126516 1.888956 1.421354 1.133789 2.231637 1.170825 1.155706 1.821948 1.190709 1.177806 2.264082 0.9348978 1.164 1.775554 0.9599125 1.140878 2.100759 -0.003847517 1.105118 1.820175 0.0159507 1.076897 0 0 0 0 0 0 0 0 0 2.255716 0.9225649 1.145575 2.245365 0.8870167 1.130558 2.237704 0.8495923 1.12934 2.283422 0.859685 1.150536 2.294612 0.8250407 1.155209 2.293557 0.8052462 1.157745 2.293484 0.8608883 1.171109 2.302166 0.8219952 1.178374 2.298728 0.799557 1.182539 0 0 0 0 0 0 0 0 0 0 0 0 0 0 0 0 0 0 1.780114 0.9514393 1.119222 1.785052 0.9201363 1.09489 1.789718 0.8832224 1.086152 1.750582 0.8892597 1.116446 1.739344 0.8543252 1.115698 1.741369 0.8345459 1.113682 1.744165 0.8864247 1.13828 1.736814 0.8466102 1.13955 1.742208 0.8241892 1.138628 0 0 0 0 0 0 0 0 0 0 0 0 0 0 0 0 0 0 0 0 0 0 0 0
62 2.056284 0.9931469 1.190134 2.138331 0.9919642 1.168044 1.974236 0.9943295 1.212224 2.12428 0.5800098 1.08264 1.916923 0.5830208 1.132616 2.106385 0.1239887 1.25088 1.948756 0.1040169 1.223486 2.05987 1.102395 1.197604 2.064584 1.25301 1.183414 2.07389 1.498859 1.182375 2.072285 1.577071 1.17662 2.112083 1.443995 1.172201 2.033959 1.447068 1.199565 2.214941 1.416255 1.142972 1.93459 1.422379 1.241037 2.265846 1.17749 1.147933 1.898819 1.190731 1.309481 2.296574 0.9417654 1.131421 1.856319 0.95627 1.311683 2.151729 0.002973862 1.153586 1.853444 0.004224218 1.139083 0 0 0 0 0 0 0 0 0 2.284138 0.9318017 1.113882 2.270087 0.8981135 1.097633 2.261336 0.8610908 1.093959 2.309876 0.868404 1.105859 2.323436 0.8343226 1.104486 2.324973 0.8144011 1.104865 2.323993 0.8670405 1.123881 2.335515 0.8282104 1.12443 2.335383 0.8051966 1.126159 0 0 0 0 0 0 0 0 0 0 0 0 0 0 0 0 0 0 1.853786 0.9456756 1.290638 1.853643 0.9122638 1.26873 1.859599 0.8751115 1.262022 1.833164 0.8813201 1.304026 1.827016 0.8458126 1.311007 1.830717 0.8261845 1.310369 1.835442 0.8805925 1.326834 1.834086 0.8408505 1.334552 1.841525 0.819014 1.333871 0 0 0 0 0 0 0 0 0 0 0 0 0 0 0 0 0 0 0 0 0 0 0 0
63 2.049775 0.9992461 1.170192 2.127213 0.9993065 1.135199 1.972337 0.9991855 1.205185 2.086857 0.5825455 1.077518 1.913692 0.5821938 1.149971 2.128113 0.1123569 1.202954 1.913456 0.1007873 1.245175 2.052589 1.108584 1.176609 2.050915 1.259446 1.164514 2.05692 1.505399 1.164701 2.057176 1.583673 1.159595 2.094195 1.451149 1.149219 2.020155 1.452928 1.18632 2.192738 1.42433 1.107102 1.927528 1.425457 1.239884 2.243337 1.185536 1.100629 1.907763 1.191664 1.307522 2.270726 0.9499246 1.077826 1.877606 0.9561269 1.327421 2.109812 0.003811203 1.084423 1.816625 0.004731737 1.158204 0 0 0 0 0 0 0 0 0 2.255325 0.9405835 1.062428 2.237732 0.9073679 1.04888 2.227146 0.8706847 1.047138 2.276437 0.8759885 1.051123 2.291046 0.8424588 1.048016 2.294383 0.8227553 1.047951 2.293018 0.8739335 1.066833 2.306127 0.8356308 1.06546 2.308883 0.8127379 1.066439 0 0 0 0 0 0 0 0 0 0 0 0 0 0 0 0 0 0 1.872433 0.9450039 1.307147 1.871086 0.911334 1.285679 1.878392 0.8744645 1.278749 1.857456 0.8799911 1.324326 1.856962 0.8440858 1.331933 1.863699 0.8253757 1.329953 1.863233 0.8798307 1.346519 1.868002 0.8403438 1.354193 1.878831 0.8201576 1.351383 0 0 0 0 0 0 0 0 0 0 0 0 0 0 0 0 0 0 0 0 0 0 0 0
64 2.052915 1.000903 1.164621 2.1299 1.000964 1.128644 1.975929 1.000842 1.200598 2.091614 0.5801097 1.084174 1.908791 0.5855094 1.150485 2.12673 0.1002419 1.181979 1.912586 0.1094106 1.264488 2.055429 1.110294 1.170186 2.051821 1.26101 1.156757 2.056102 1.506993 1.154963 2.05656 1.585131 1.148092 2.093792 1.452882 1.140006 2.019655 1.454441 1.176923 2.192494 1.425379 1.098712 1.92722 1.427791 1.231228 2.243248 1.186534 1.097214 1.904953 1.19342 1.296031 2.268762 0.9503935 1.07799 1.87603 0.9584238 1.322921 2.095776 0.001099192 1.057967 1.817163 0.006396376 1.184181 0 0 0 0 0 0 0 0 0 2.253297 0.9408252 1.062796 2.234966 0.9077615 1.04987 2.223679 0.8712509 1.049287 2.273268 0.8755025 1.053839 2.285323 0.84084 1.053145 2.286276 0.8209448 1.05477 2.289693 0.8736719 1.069738 2.300022 0.8345292 1.071155 2.299897 0.8116534 1.074207 0 0 0 0 0 0 0 0 0 0 0 0 0 0 0 0 0 0 1.870541 0.9470431 1.302874 1.868828 0.913251 1.281625 1.875521 0.8762464 1.274797 1.854219 0.8827009 1.321308 1.856756 0.8466812 1.3279 1.865867 0.8292141 1.324546 1.860074 0.8828253 1.343481 1.867568 0.8435366 1.349891 1.880844 0.8252683 1.34513 0 0 0 0 0 0 0 0 0 0 0 0 0 0 0 0 0 0 0 0 0 0 0 0
65 2.043319 1.002752 1.164855 2.12166 1.002676 1.131934 1.964978 1.002828 1.197775 2.090864 0.5821308 1.080386 1.907989 0.5853145 1.150294 2.128794 0.1019835 1.17505 1.917602 0.1085462 1.262904 2.045727 1.11215 1.170333 2.041586 1.262811 1.156448 2.044686 1.50881 1.154435 2.045779 1.586943 1.147583 2.083294 1.454874 1.141301 2.007547 1.456102 1.174804 2.183846 1.427454 1.10468 1.912866 1.429031 1.224868 2.237652 1.189284 1.106862 1.8885 1.194258 1.287423 2.266715 0.9533945 1.089709 1.858904 0.9590996 1.312071 2.101537 0.002646409 1.050326 1.821682 0.006391428 1.182092 0 0 0 0 0 0 0 0 0 2.252278 0.9434334 1.073775 2.234695 0.9103609 1.059868 2.223642 0.8737835 1.059045 2.273533 0.8782671 1.06687 2.282409 0.8426842 1.06841 2.280043 0.8230632 1.071373 2.289028 0.8768524 1.083717 2.295773 0.8370979 1.087579 2.291389 0.814932 1.092279 0 0 0 0 0 0 0 0 0 0 0 0 0 0 0 0 0 0 1.854326 0.9475865 1.291871 1.853525 0.9135948 1.270888 1.860447 0.8765494 1.264526 1.837385 0.8833055 1.309957 1.838494 0.8473958 1.317479 1.84683 0.8293689 1.315262 1.842265 0.8835761 1.332364 1.848072 0.844183 1.339799 1.86043 0.8249853 1.336427 0 0 0 0 0 0 0 0 0 0 0 0 0 0 0 0 0 0 0 0 0 0 0 0
66 2.021407 1.00466 1.165725 2.101021 1.004291 1.136015 1.941794 1.005029 1.195435 2.082458 0.5830519 1.082285 1.904708 0.5836772 1.151792 2.133906 0.102615 1.170348 1.920937 0.1034978 1.254639 2.024033 1.114043 1.171404 2.019739 1.264809 1.158769 2.021821 1.510827 1.158384 2.022742 1.589041 1.152506 2.061112 1.457137 1.146307 1.984212 1.457836 1.177087 2.163026 1.430375 1.113122 1.887899 1.429664 1.22328 2.217459 1.19236 1.116408 1.863873 1.19448 1.284406 2.248585 0.9566994 1.099735 1.835632 0.9586422 1.303533 2.10733 0.00344976 1.045342 1.829743 0.004799448 1.164588 0 0 0 0 0 0 0 0 0 2.235118 0.94648 1.083129 2.218644 0.9132767 1.068214 2.208206 0.8765389 1.066748 2.258004 0.8817759 1.077152 2.265673 0.8459408 1.079229 2.261895 0.8265585 1.0823 2.272717 0.8806417 1.094706 2.278113 0.8407285 1.099025 2.271885 0.8190245 1.103798 0 0 0 0 0 0 0 0 0 0 0 0 0 0 0 0 0 0 1.831811 0.9471222 1.28318 1.831662 0.9129521 1.262475 1.83884 0.8758635 1.256673 1.81461 0.8827349 1.300632 1.813053 0.847083 1.309224 1.81951 0.8281876 1.308426 1.818719 0.8830122 1.323192 1.821702 0.8435588 1.331874 1.831899 0.8229098 1.330373 0 0 0 0 0 0 0 0 0 0 0 0 0 0 0 0 0 0 0 0 0 0 0 0
67 2.00275 1.004895 1.171025 2.083115 1.004085 1.143418 1.922387 1.005704 1.198632 2.077357 0.5836934 1.081311 1.896322 0.5836027 1.152963 2.137552 0.103329 1.163623 1.926359 0.102871 1.250763 2.006131 1.114203 1.177659 2.001115 1.264959 1.165171 2.002566 1.510981 1.165619 2.003223 1.589223 1.16008 2.042312 1.45743 1.154449 1.964598 1.457836 1.18312 2.14517 1.431158 1.123894 1.86723 1.428727 1.226432 2.199062 1.193023 1.12737 1.844662 1.193167 1.286658 2.22929 0.9573017 1.109923 1.818541 0.9569309 1.303781 2.108368 0.004280664 1.039106 1.833693 0.005041189 1.161269 0 0 0 0 0 0 0 0 0 2.21625 0.946988 1.093035 2.200517 0.9133537 1.078288 2.190289 0.8765507 1.076986 2.238975 0.8821232 1.088321 2.249811 0.8470727 1.089474 2.249096 0.8272048 1.091506 2.253177 0.8810868 1.106298 2.261903 0.8416429 1.109273 2.25944 0.8189424 1.112629 0 0 0 0 0 0 0 0 0 0 0 0 0 0 0 0 0 0 1.815384 0.9453534 1.283346 1.816577 0.9110408 1.262912 1.825251 0.8742159 1.257486 1.800966 0.8801731 1.300368 1.797641 0.8449445 1.310125 1.802243 0.8255081 1.310775 1.804898 0.880521 1.322959 1.80596 0.8412343 1.332771 1.813838 0.819544 1.333092 0 0 0 0 0 0 0 0 0 0 0 0 0 0 0 0 0 0 0 0 0 0 0 0
68 1.984901 1.004467 1.181726 2.066071 1.002975 1.156623 1.90373 1.00596 1.206831 2.07193 0.5848768 1.082601 1.885936 0.583872 1.156797 2.140598 0.1051458 1.159354 1.929272 0.1026459 1.247192 1.989012 1.11374 1.188525 1.982723 1.264311 1.174472 1.983497 1.510334 1.173467 1.984804 1.588599 1.168374 2.023799 1.456833 1.164217 1.945005 1.457185 1.189769 2.127992 1.431118 1.138021 1.846158 1.427311 1.229019 2.181461 1.192965 1.145045 1.824082 1.192078 1.290688 2.212607 0.9571955 1.130033 1.798815 0.9557291 1.30753 2.122077 0.005571194 1.033225 1.836005 0.005191185 1.157914 0 0 0 0 0 0 0 0 0 2.200509 0.9467162 1.112558 2.1862 0.912585 1.097503 2.176637 0.8756138 1.095943 2.223974 0.8820301 1.109221 2.238094 0.848161 1.110126 2.240418 0.8283581 1.111473 2.237274 0.8811736 1.127883 2.249423 0.8426021 1.130223 2.250666 0.819673 1.132539 0 0 0 0 0 0 0 0 0 0 0 0 0 0 0 0 0 0 1.796734 0.9438713 1.287119 1.799526 0.9092463 1.26738 1.809501 0.8726091 1.263024 1.783978 0.8783873 1.304301 1.779246 0.8436399 1.315143 1.782576 0.8240325 1.317101 1.787143 0.8790678 1.327005 1.78688 0.8400983 1.338058 1.793237 0.8180017 1.34005 0 0 0 0 0 0 0 0 0 0 0 0 0 0 0 0 0 0 0 0 0 0 0 0
69 1.971935 1.003087 1.191747 2.053783 1.002425 1.16891 1.890086 1.003749 1.214583 2.070437 0.5859833 1.087162 1.873868 0.5824971 1.159072 2.143265 0.1056691 1.156651 1.925827 0.1013196 1.243657 1.974682 1.11241 1.198427 1.968198 1.262765 1.182307 1.967288 1.508776 1.179627 1.967915 1.587048 1.174528 2.008123 1.455498 1.171487 1.92887 1.455468 1.195583 2.112973 1.430542 1.147253 1.829652 1.42422 1.232773 2.166356 1.192522 1.15827 1.806925 1.190626 1.300168 2.199593 0.9568518 1.146525 1.78004 0.954653 1.319583 2.127699 0.0006564334 1.034599 1.833823 0.003385104 1.153597 0 0 0 0 0 0 0 0 0 2.188765 0.9465899 1.128113 2.177262 0.9122871 1.111162 2.170075 0.8749241 1.10754 2.216035 0.8835625 1.122639 2.234034 0.8515765 1.122192 2.239467 0.8323459 1.1224 2.228672 0.8825284 1.141748 2.245169 0.8455365 1.142264 2.250242 0.8230365 1.143082 0 0 0 0 0 0 0 0 0 0 0 0 0 0 0 0 0 0 1.778297 0.9422781 1.299449 1.781679 0.907165 1.280689 1.792271 0.8705754 1.277562 1.766496 0.8770213 1.318113 1.761156 0.8427489 1.330122 1.763909 0.8231629 1.332983 1.76949 0.8782962 1.340815 1.768801 0.839757 1.353269 1.774537 0.8176252 1.35642 0 0 0 0 0 0 0 0 0 0 0 0 0 0 0 0 0 0 0 0 0 0 0 0
75 2.030061 0.9923444 1.205383 2.100686 0.9885203 1.158281 1.959435 0.9961686 1.252485 2.046458 0.5688967 1.119167 1.868513 0.5895357 1.169538 2.076971 0.08836683 1.215199 1.854232 0.1011021 1.2166 2.032519 1.101755 1.200186 2.029526 1.244285 1.149347 2.025174 1.488304 1.118278 2.020745 1.566493 1.113822 2.058351 1.432656 1.098919 1.998709 1.438868 1.156066 2.137352 1.404588 1.026982 1.92576 1.421482 1.237182 2.191845 1.166628 1.032442 1.91282 1.199854 1.33886 2.222993 0.9304211 1.036832 1.863607 0.9702411 1.379344 1.977204 0.003784977 1.120019 1.759517 0.0138652 1.118695 0 0 0 0 0 0 0 0 0 2.202984 0.9185213 1.032404 2.182348 0.8844009 1.034905 2.173531 0.8486535 1.045158 2.221165 0.8524016 1.025794 2.230229 0.8168775 1.027579 2.230137 0.7979559 1.034008 2.243166 0.8531926 1.03222 2.251539 0.8138798 1.037241 2.250521 0.7926913 1.046332 0 0 0 0 0 0 0 0 0 0 0 0 0 0 0 0 0 0 1.850859 0.9595463 1.362472 1.837174 0.92602 1.345589 1.8354 0.8882065 1.340322 1.830844 0.8992124 1.38903 1.82499 0.8649235 1.400748 1.826284 0.8450009 1.399856 1.842814 0.8987922 1.408587 1.84057 0.8596873 1.418913 1.844644 0.8371174 1.416337 0 0 0 0 0 0 0 0 0 0 0 0 0 0 0 0 0 0 0 0 0 0 0 0
76 2.067611 0.9839076 1.261166 2.072005 0.9796454 1.17641 2.063216 0.9881696 1.345922 1.991786 0.5626658 1.18011 1.920498 0.6015807 1.430234 2.057607 0.08229711 1.25537 2.078224 0.1422525 1.449224 2.061051 1.093117 1.255334 2.019555 1.235902 1.227068 1.987928 1.479425 1.212043 1.980584 1.557517 1.212805 1.991611 1.423669 1.173965 2.004768 1.430407 1.255469 1.976337 1.39578 1.06817 2.033739 1.418263 1.36138 2.021326 1.158691 1.030894 2.108578 1.200578 1.442848 2.046063 0.9221931 1.015408 2.112583 0.9757586 1.521736 1.927364 0.0001918897 1.20575 1.999489 0.02633043 1.53003 0 0 0 0 0 0 0 0 0 2.030822 0.9100927 1.028931 2.020314 0.8753619 1.045654 2.022553 0.8387794 1.056492 2.031821 0.8453047 1.00553 2.036749 0.8099514 0.9969769 2.04138 0.7907556 1.00005 2.049248 0.8462363 0.9906521 2.056683 0.8068873 0.984551 2.063132 0.7854041 0.989984 0 0 0 0 0 0 0 0 0 0 0 0 0 0 0 0 0 0 2.091331 0.965445 1.523619 2.069713 0.9320555 1.527379 2.063985 0.894281 1.528392 2.101269 0.9077417 1.559919 2.106879 0.8745929 1.57465 2.106584 0.8546246 1.575388 2.124165 0.9071309 1.561087 2.130981 0.8688067 1.572296 2.130979 0.8458652 1.569781 0 0 0 0 0 0 0 0 0 0 0 0 0 0 0 0 0 0 0 0 0 0 0 0
77 2.037464 0.9712555 1.370256 1.974759 0.9760602 1.313107 2.10017 0.9664506 1.427406 1.894651 0.5628002 1.333646 1.990072 0.5956324 1.592635 2.019439 0.1006026 1.244485 2.002871 0.1288409 1.457867 2.042898 1.080635 1.373491 2.026384 1.230827 1.382317 2.022626 1.476708 1.389921 2.018573 1.554722 1.397018 1.99178 1.423752 1.361347 2.059147 1.423291 1.409545 1.903324 1.407537 1.297191 2.150107 1.405552 1.469673 1.850325 1.173799 1.250472 2.241413 1.179344 1.45879 1.791132 0.9430611 1.24422 2.269588 0.9464958 1.500871 1.907301 -0.008200862 1.286362 1.976936 0.01229259 1.567003 0 0 0 0 0 0 0 0 0 1.787526 0.9332322 1.26548 1.782187 0.8996987 1.286535 1.779222 0.8623808 1.294239 1.747554 0.8782008 1.254532 1.730183 0.8463055 1.249215 1.727542 0.8265117 1.249986 1.747387 0.8773347 1.231616 1.733345 0.8400448 1.224328 1.733735 0.8169692 1.224397 0 0 0 0 0 0 0 0 0 0 0 0 0 0 0 0 0 0 2.252427 0.9368355 1.514051 2.234805 0.9033331 1.526834 2.227636 0.8658636 1.529153 2.277024 0.8763716 1.536078 2.287338 0.8426439 1.546246 2.286794 0.8227639 1.54821 2.296496 0.8748662 1.524057 2.306257 0.8358734 1.529071 2.304152 0.8129697 1.527168 0 0 0 0 0 0 0 0 0 0 0 0 0 0 0 0 0 0 0 0 0 0 0 0
78 2.042509 0.9505651 1.541555 1.963469 0.9543797 1.510584 2.121549 0.9467504 1.572527 1.956832 0.5337611 1.496504 2.03985 0.6057739 1.805828 2.065894 0.1286746 1.250448 2.004566 0.1217463 1.841632 2.048652 1.059932 1.539348 2.046548 1.210531 1.554319 2.052393 1.456291 1.564171 2.051489 1.533949 1.575189 2.012468 1.404541 1.546847 2.091784 1.401703 1.570564 1.906912 1.392431 1.516599 2.196491 1.382652 1.600182 1.826833 1.161793 1.512298 2.268322 1.167766 1.509136 1.754261 0.9480007 1.588513 2.311986 0.9371967 1.467735 2.02051 0.003593221 1.342436 1.980975 0.07875363 1.995781 0 0 0 0 0 0 0 0 0 1.758667 0.9465449 1.611752 1.761519 0.921373 1.642648 1.7619 0.8892823 1.663404 1.717196 0.8971586 1.635984 1.695063 0.8709233 1.648991 1.687623 0.8545567 1.657717 1.708619 0.8886219 1.616503 1.690113 0.8551527 1.62985 1.687272 0.8341824 1.63906 0 0 0 0 0 0 0 0 0 0 0 0 0 0 0 0 0 0 2.30153 0.9194573 1.479464 2.291366 0.8808585 1.481234 2.286189 0.8444477 1.47083 2.334962 0.8620966 1.461074 2.348779 0.8299229 1.450062 2.34885 0.811477 1.442374 2.348421 0.8700065 1.444274 2.360296 0.8353159 1.427058 2.357419 0.8155856 1.415436 0 0 0 0 0 0 0 0 0 0 0 0 0 0 0 0 0 0 0 0 0 0 0 0
79 1.934107 0.9487873 1.834261 1.856636 0.9411166 1.800197 2.011579 0.9564579 1.868327 1.793846 0.5490611 1.939041 1.928114 0.5793199 2.035051 1.928895 0.244669 1.585025 1.917168 0.09937777 1.958579 1.926854 1.057811 1.826208 1.929821 1.207698 1.847035 1.939712 1.453322 1.857034 1.939593 1.530893 1.868684 1.899873 1.402298 1.837499 1.977642 1.398019 1.865699 1.79602 1.392806 1.801055 2.080239 1.378606 1.901765 1.735221 1.157983 1.773016 2.153298 1.157737 1.827575 1.670062 0.9368665 1.833387 2.188418 0.9223387 1.81585 1.929983 0.08796974 1.544889 1.882378 0.001761757 2.082787 0 0 0 0 0 0 0 0 0 1.672927 0.9324817 1.856499 1.677095 0.9013323 1.88117 1.680423 0.8658038 1.894859 1.636374 0.8756253 1.869814 1.615803 0.8455766 1.874417 1.60857 0.8273932 1.878469 1.630371 0.8691593 1.848646 1.617539 0.8310022 1.85314 1.618701 0.8084067 1.857694 0 0 0 0 0 0 0 0 0 0 0 0 0 0 0 0 0 0 2.176058 0.9069113 1.828918 2.163398 0.8695675 1.83536 2.156467 0.8322511 1.830864 2.207936 0.846227 1.82204 2.221368 0.812385 1.817393 2.221963 0.7929531 1.812765 2.223216 0.8510831 1.805643 2.235277 0.8138139 1.795329 2.233217 0.7924612 1.786818 0 0 0 0 0 0 0 0 0 0 0 0 0 0 0 0 0 0 0 0 0 0 0 0
81 1.799051 0.9949812 2.190868 1.72791 1.000305 2.144697 1.870191 0.9896577 2.23704 1.621225 0.5966865 2.223001 1.815614 0.5691199 2.275246 1.604489 0.1080116 2.180579 1.82777 0.08608588 2.182648 1.801079 1.104115 2.200326 1.797642 1.243878 2.258316 1.790462 1.486765 2.296834 1.787169 1.565072 2.30003 1.765334 1.43833 2.256898 1.82364 1.430799 2.315254 1.69607 1.423217 2.172178 1.900299 1.402039 2.389415 1.683583 1.205616 2.062094 1.954217 1.164187 2.377406 1.632453 0.9782348 2.01243 1.9863 0.9282984 2.366896 1.476039 0.03236183 2.243384 1.744223 0.002152763 2.292839 0 0 0 0 0 0 0 0 0 1.619178 0.967257 2.028704 1.604522 0.933488 2.044234 1.60192 0.8955687 2.048247 1.598527 0.9082186 1.999824 1.592243 0.8744469 1.98689 1.593131 0.8544843 1.987161 1.610862 0.908191 1.980491 1.608065 0.8694901 1.968862 1.611647 0.8467718 1.970784 0 0 0 0 0 0 0 0 0 0 0 0 0 0 0 0 0 0 1.966244 0.9161077 2.370175 1.946275 0.881702 2.366459 1.938567 0.8458567 2.355669 1.984962 0.8502334 2.377681 1.994616 0.814845 2.376348 1.995157 0.7959411 2.369889 2.007274 0.8513497 2.372499 2.016476 0.8121719 2.367888 2.016277 0.7909956 2.358714 0 0 0 0 0 0 0 0 0 0 0 0 0 0 0 0 0 0 0 0 0 0 0 0
82 1.874376 0.9925952 2.180649 1.87542 0.998745 2.095901 1.873331 0.9864454 2.265396 1.78075 0.6011434 1.990656 1.83317 0.5609763 2.245951 1.884941 0.1270086 1.944178 1.896246 0.07903656 2.155937 1.866164 1.10157 2.188456 1.82059 1.242464 2.219765 1.788677 1.485848 2.236342 1.781602 1.56393 2.233868 1.810193 1.437631 2.194099 1.78763 1.429274 2.273362 1.852522 1.425925 2.092734 1.761101 1.398042 2.37595 1.941465 1.211972 2.015675 1.806285 1.16049 2.409899 1.963642 0.9917248 1.927459 1.835859 0.9242507 2.419866 1.831359 0.02843001 1.827654 1.77588 0.001595877 2.231313 0 0 0 0 0 0 0 0 0 1.943732 0.9806674 1.920911 1.924533 0.9469922 1.911231 1.920775 0.9091126 1.9078 1.963588 0.9243497 1.886559 1.973837 0.8916577 1.873387 1.974441 0.8716877 1.872929 1.986215 0.9246359 1.890284 1.996766 0.8867753 1.880482 1.996987 0.8638301 1.882953 0 0 0 0 0 0 0 0 0 0 0 0 0 0 0 0 0 0 1.822353 0.9123788 2.404432 1.814301 0.8781391 2.385481 1.818614 0.8421527 2.373352 1.823943 0.8464725 2.424431 1.829176 0.8109501 2.432051 1.834494 0.791899 2.429196 1.839961 0.8472037 2.440826 1.847666 0.8078236 2.446368 1.854862 0.7864481 2.441475 0 0 0 0 0 0 0 0 0 0 0 0 0 0 0 0 0 0 0 0 0 0 0 0
83 1.882085 0.9608171 2.09976 1.957703 0.9592518 2.061023 1.806467 0.9623823 2.138497 1.860142 0.5609377 1.967449 1.662636 0.5943033 1.994419 1.867934 0.108137 2.14389 1.730746 0.1271408 2.10992 1.883798 1.07036 2.098679 1.871262 1.220289 2.082165 1.871246 1.465753 2.065532 1.869124 1.543537 2.05563 1.910789 1.411675 2.056354 1.834401 1.413836 2.088321 2.013355 1.391676 2.020522 1.73481 1.400195 2.134139 2.086314 1.159733 2.042978 1.695189 1.168873 2.201556 2.100375 0.9284348 1.987424 1.655766 0.9342373 2.214787 1.860094 0.001298927 2.022684 1.61269 0.03291645 2.052031 0 0 0 0 0 0 0 0 0 2.086172 0.9228918 1.969283 2.067579 0.8936568 1.949385 2.056092 0.8580741 1.941467 2.108053 0.8619143 1.945851 2.116643 0.828045 1.93461 2.114521 0.8086777 1.930162 2.123404 0.8562441 1.961918 2.129459 0.8168994 1.954424 2.124246 0.7944781 1.952763 0 0 0 0 0 0 0 0 0 0 0 0 0 0 0 0 0 0 1.656448 0.9237649 2.19354 1.657987 0.8897373 2.172657 1.659991 0.8522864 2.165298 1.620381 0.8654089 2.199859 1.606343 0.8318056 2.204447 1.606785 0.8118265 2.204318 1.616694 0.8649082 2.222488 1.606078 0.8263534 2.228944 1.609832 0.8035915 2.2296 0 0 0 0 0 0 0 0 0 0 0 0 0 0 0 0 0 0 0 0 0 0 0 0
84 1.871496 0.9507107 1.754823 1.955467 0.9498349 1.767829 1.787525 0.9515864 1.741816 1.912536 0.5310366 1.773196 1.803162 0.6005488 1.510461 1.838394 0.1245278 2.029951 1.778788 0.1150551 1.51424 1.871551 1.060048 1.761832 1.876826 1.211043 1.752835 1.881452 1.45698 1.757662 1.886196 1.535073 1.752023 1.921345 1.40275 1.763972 1.838895 1.404453 1.756183 2.029411 1.382185 1.774099 1.730207 1.389518 1.743238 2.07274 1.142018 1.782305 1.66253 1.160621 1.794725 2.099552 0.9210243 1.697299 1.621296 0.9263297 1.808521 1.844288 0.004900001 1.921226 1.794674 0.03173258 1.376503 0 0 0 0 0 0 0 0 0 2.089203 0.9191892 1.676061 2.077135 0.8948074 1.646799 2.068897 0.8623269 1.628417 2.11556 0.8626596 1.646807 2.127824 0.8321348 1.630524 2.127972 0.8142678 1.621572 2.127498 0.8537924 1.664265 2.135963 0.8167349 1.650268 2.132294 0.7951546 1.642955 0 0 0 0 0 0 0 0 0 0 0 0 0 0 0 0 0 0 1.631441 0.9107969 1.793777 1.640785 0.872637 1.786509 1.644548 0.8350136 1.792084 1.59589 0.8521604 1.800413 1.580826 0.8189569 1.804646 1.579928 0.7993733 1.808526 1.582338 0.8571872 1.818217 1.568778 0.8205097 1.828789 1.570069 0.7988551 1.836666 0 0 0 0 0 0 0 0 0 0 0 0 0 0 0 0 0 0 0 0 0 0 0 0
85 1.932496 0.9832992 1.437982 2.01459 0.9814275 1.45985 1.850402 0.9851709 1.416113 2.030274 0.5754854 1.350794 1.860816 0.5819846 1.291634 1.973839 0.1506175 1.579973 1.825394 0.1015848 1.367989 1.933521 1.092717 1.4435 1.93599 1.243215 1.427606 1.936909 1.489232 1.425571 1.940738 1.567319 1.419182 1.976363 1.435853 1.438467 1.895535 1.436005 1.420346 2.080898 1.413912 1.466654 1.78934 1.411757 1.40195 2.131135 1.176072 1.489748 1.728616 1.182766 1.461116 2.171723 0.9423842 1.466824 1.689898 0.9480893 1.475633 2.005596 0.01167471 1.503467 1.816225 0.003873445 1.239399 0 0 0 0 0 0 0 0 0 2.168635 0.935084 1.444491 2.162306 0.9036989 1.42059 2.155196 0.8677735 1.409656 2.195086 0.8715501 1.44135 2.20603 0.8365225 1.442114 2.205739 0.816595 1.440633 2.199429 0.8674597 1.463494 2.206003 0.827509 1.464742 2.201389 0.8049474 1.463218 0 0 0 0 0 0 0 0 0 0 0 0 0 0 0 0 0 0 1.698715 0.9342868 1.458506 1.710351 0.8982667 1.44572 1.718935 0.8611071 1.448212 1.672325 0.8715348 1.469084 1.665892 0.8365262 1.478046 1.671711 0.8180277 1.482875 1.662031 0.8744207 1.489373 1.659162 0.8361476 1.502326 1.668902 0.8164448 1.509367 0 0 0 0 0 0 0 0 0 0 0 0 0 0 0 0 0 0 0 0 0 0 0 0
86 1.895014 0.9983209 1.40708 1.976969 0.9971445 1.429507 1.813058 0.9994971 1.384653 1.997262 0.5884629 1.331488 1.819594 0.5817487 1.312274 1.977563 0.1310912 1.495174 1.787695 0.1024288 1.408627 1.894771 1.107682 1.413702 1.897963 1.258487 1.401208 1.899726 1.504505 1.402376 1.902406 1.58273 1.397225 1.938767 1.450826 1.415283 1.858278 1.451495 1.395722 2.04211 1.426752 1.446011 1.75295 1.424749 1.375864 2.087467 1.188463 1.474048 1.694775 1.191179 1.416922 2.123721 0.9529774 1.470174 1.662137 0.9553055 1.407894 2.02383 0.01421209 1.393364 1.770756 0.00418409 1.281239 0 0 0 0 0 0 0 0 0 2.121187 0.9431941 1.44874 2.115664 0.9098211 1.427478 2.108682 0.8729833 1.420063 2.14647 0.87931 1.453808 2.155081 0.8439224 1.458375 2.152735 0.8240778 1.458625 2.150041 0.8777387 1.476407 2.155072 0.8379111 1.481818 2.149295 0.8155713 1.482265 0 0 0 0 0 0 0 0 0 0 0 0 0 0 0 0 0 0 1.671549 0.944051 1.389284 1.683746 0.9100379 1.372235 1.692707 0.8728967 1.371238 1.647111 0.8796789 1.391551 1.639326 0.8440462 1.395676 1.643796 0.8247162 1.398071 1.636547 0.8796651 1.411906 1.63241 0.8400721 1.419398 1.640277 0.8188356 1.423842 0 0 0 0 0 0 0 0 0 0 0 0 0 0 0 0 0 0 0 0 0 0 0 0
87 1.884278 1.002545 1.378703 1.966364 1.00127 1.400645 1.802193 1.003819 1.35676 1.987669 0.5833699 1.333556 1.800007 0.5834033 1.295702 1.980875 0.1058803 1.441904 1.769858 0.1032902 1.393415 1.883956 1.111845 1.386253 1.890471 1.262538 1.373689 1.895399 1.508512 1.374956 1.899119 1.586727 1.37032 1.93376 1.45433 1.387799 1.853265 1.456042 1.368325 2.036251 1.427998 1.419515 1.747901 1.428894 1.349223 2.073819 1.18892 1.451997 1.68961 1.194486 1.385004 2.104124 0.9526793 1.459407 1.657002 0.9589098 1.370055 2.033267 0.0052054 1.326637 1.750293 0.005881526 1.265761 0 0 0 0 0 0 0 0 0 2.101788 0.9416721 1.438551 2.095659 0.9072403 1.419232 2.087256 0.8703594 1.413761 2.122953 0.8768993 1.44868 2.132326 0.8422801 1.456486 2.131631 0.8224294 1.458688 2.125594 0.8766121 1.471459 2.132282 0.8375582 1.479879 2.12954 0.8147847 1.482429 0 0 0 0 0 0 0 0 0 0 0 0 0 0 0 0 0 0 1.666056 0.9484031 1.350841 1.678457 0.9150534 1.332665 1.688455 0.8781965 1.331127 1.64442 0.8830276 1.352855 1.635459 0.8476151 1.356454 1.638368 0.8279228 1.35822 1.634758 0.8821972 1.373637 1.629552 0.8425115 1.379865 1.635398 0.8204487 1.383285 0 0 0 0 0 0 0 0 0 0 0 0 0 0 0 0 0 0 0 0 0 0 0 0
88 1.87302 1.003033 1.376407 1.955753 1.001984 1.395781 1.790287 1.004082 1.357033 1.98695 0.5843945 1.327641 1.786541 0.584585 1.29109 1.995688 0.1044124 1.426931 1.776552 0.1036815 1.388084 1.872802 1.11238 1.383258 1.880729 1.262721 1.36766 1.886255 1.508678 1.365736 1.890023 1.586906 1.361361 1.925067 1.454546 1.377381 1.843737 1.456251 1.361755 2.028755 1.427868 1.404594 1.73778 1.428122 1.348132 2.066515 1.189088 1.438993 1.681775 1.194336 1.390939 2.096902 0.9530165 1.450387 1.647881 0.958666 1.381248 2.042797 0.002849542 1.310174 1.731681 0.007393084 1.266093 0 0 0 0 0 0 0 0 0 2.094242 0.941621 1.429781 2.088226 0.9066085 1.411498 2.080203 0.869504 1.407066 2.116122 0.8772035 1.440631 2.128412 0.8437831 1.449537 2.130255 0.8241551 1.452811 2.119215 0.8773434 1.463354 2.129256 0.8392504 1.472785 2.129874 0.8164896 1.476553 0 0 0 0 0 0 0 0 0 0 0 0 0 0 0 0 0 0 1.655681 0.947701 1.361742 1.666932 0.9138103 1.343821 1.67703 0.8769578 1.342998 1.635049 0.882192 1.367129 1.62492 0.8472906 1.372285 1.626537 0.8274872 1.374425 1.626894 0.8818643 1.38856 1.620716 0.8425382 1.396054 1.625057 0.8201632 1.399678 0 0 0 0 0 0 0 0 0 0 0 0 0 0 0 0 0 0 0 0 0 0 0 0
89 1.863558 1.002163 1.374465 1.947098 1.001366 1.39 1.780016 1.002961 1.358931 1.981736 0.5832077 1.325295 1.778239 0.5830479 1.295167 2.006039 0.1035088 1.425015 1.782168 0.1022666 1.393578 1.863304 1.111502 1.381444 1.868349 1.262001 1.366172 1.871027 1.508008 1.364613 1.873076 1.586291 1.36008 1.911007 1.454292 1.374021 1.828943 1.455114 1.362773 2.01624 1.42857 1.395653 1.723059 1.424637 1.354813 2.056508 1.189967 1.428389 1.66907 1.192195 1.40659 2.088863 0.9540482 1.437253 1.632489 0.9567325 1.405172 2.046675 0.002465807 1.305409 1.732951 0.00416138 1.27475 0 0 0 0 0 0 0 0 0 2.086339 0.9435073 1.416179 2.082736 0.9088861 1.396564 2.077838 0.8714393 1.390691 2.113974 0.880749 1.422797 2.131111 0.8491083 1.430041 2.13645 0.8300402 1.432737 2.117961 0.8800218 1.445369 2.133489 0.8433818 1.452934 2.138406 0.8210537 1.456084 0 0 0 0 0 0 0 0 0 0 0 0 0 0 0 0 0 0 1.638762 0.944806 1.385679 1.648694 0.9100079 1.368745 1.658903 0.8731791 1.369179 1.619138 0.8795893 1.396064 1.608907 0.8451976 1.4038 1.610126 0.8254876 1.406866 1.612754 0.880336 1.418077 1.60666 0.8415791 1.428158 1.610569 0.8192949 1.432714 0 0 0 0 0 0 0 0 0 0 0 0 0 0 0 0 0 0 0 0 0 0 0 0
91 1.913341 0.9866919 1.39522 1.997556 0.9869217 1.406577 1.829126 0.9864622 1.383863 1.990687 0.5717455 1.328179 1.830524 0.6038883 1.20904 1.960487 0.09989717 1.45005 1.815168 0.1456001 1.37015 1.912635 1.09621 1.398243 1.914958 1.246608 1.381407 1.915725 1.492418 1.371101 1.914646 1.57006 1.359989 1.95635 1.439335 1.381308 1.874009 1.439213 1.372271 2.064628 1.422502 1.395309 1.7655 1.420881 1.362606 2.115659 1.186634 1.432555 1.70969 1.197948 1.445137 2.154223 0.9542152 1.396819 1.679172 0.9622653 1.462606 1.986743 -0.000658907 1.326091 1.794224 0.0199702 1.270423 0 0 0 0 0 0 0 0 0 2.147668 0.9460554 1.375558 2.140396 0.9128422 1.354575 2.134299 0.8762712 1.345293 2.175612 0.8833554 1.369734 2.194137 0.8517372 1.367628 2.201189 0.8331186 1.365903 2.183807 0.8801721 1.390915 2.19564 0.8414338 1.391286 2.196118 0.8183643 1.390826 0 0 0 0 0 0 0 0 0 0 0 0 0 0 0 0 0 0 1.688603 0.9478169 1.446362 1.699526 0.9111646 1.434803 1.707584 0.873838 1.436401 1.661941 0.8854634 1.4585 1.651079 0.8511906 1.465896 1.652162 0.8317322 1.470319 1.650937 0.8891255 1.478285 1.643009 0.8512924 1.490395 1.647402 0.8298458 1.497701 0 0 0 0 0 0 0 0 0 0 0 0 0 0 0 0 0 0 0 0 0 0 0 0
92 1.952401 0.9886783 1.086482 2.037025 0.9892915 1.094195 1.867777 0.9880649 1.078769 2.018817 0.5684918 1.04894 1.852259 0.6010563 0.9144421 1.983633 0.100214 1.187028 1.824833 0.1243506 1.005782 1.95103 1.098048 1.09282 1.953883 1.24894 1.081336 1.955125 1.494962 1.082265 1.957545 1.573129 1.076178 1.996019 1.441397 1.087813 1.913311 1.441832 1.083259 2.103546 1.418311 1.098234 1.8054 1.418286 1.081135 2.154068 1.180089 1.116199 1.752989 1.186437 1.137028 2.184913 0.9466295 1.079755 1.71869 0.951072 1.151521 2.015013 3.889203E-06 1.063983 1.792075 0.03181247 0.8772116 0 0 0 0 0 0 0 0 0 2.177038 0.9401382 1.058367 2.166121 0.9097825 1.034795 2.1569 0.8742005 1.024323 2.200822 0.8763477 1.047823 2.214512 0.8424479 1.044555 2.216667 0.8227275 1.04214 2.209631 0.8714433 1.068421 2.219913 0.8323132 1.066431 2.219504 0.8092936 1.064826 0 0 0 0 0 0 0 0 0 0 0 0 0 0 0 0 0 0 1.725911 0.9380291 1.133101 1.735999 0.9022874 1.118366 1.744355 0.8649967 1.118935 1.700073 0.8749508 1.143082 1.691867 0.839926 1.150377 1.695838 0.8206202 1.153677 1.691572 0.8769503 1.164287 1.687001 0.8382731 1.175424 1.694473 0.8171292 1.180877 0 0 0 0 0 0 0 0 0 0 0 0 0 0 0 0 0 0 0 0 0 0 0 0
93 1.960502 0.9937545 1.038239 2.044654 0.9937965 1.050058 1.876351 0.9937124 1.02642 2.04506 0.5750228 0.9911103 1.859344 0.5931726 0.8985624 2.012995 0.1064771 1.126085 1.826567 0.1257323 1.028307 1.959455 1.103083 1.045303 1.961265 1.253878 1.032409 1.960098 1.499902 1.032495 1.962665 1.578016 1.025823 2.001095 1.446756 1.040686 1.918809 1.44637 1.031175 2.107137 1.421757 1.058959 1.811621 1.42031 1.025242 2.155797 1.184122 1.087002 1.758613 1.185461 1.065994 2.19064 0.9490619 1.069237 1.721097 0.9502952 1.074524 2.056723 0.002500542 1.010138 1.788446 0.01570455 0.9160247 0 0 0 0 0 0 0 0 0 2.186008 0.9406589 1.047568 2.178124 0.9089237 1.024611 2.169662 0.8726577 1.016014 2.209358 0.875849 1.046837 2.219207 0.8405696 1.049217 2.217887 0.8206313 1.048913 2.214719 0.872822 1.068929 2.221135 0.8329722 1.072343 2.217035 0.8102618 1.072612 0 0 0 0 0 0 0 0 0 0 0 0 0 0 0 0 0 0 1.728278 0.9380668 1.055538 1.738702 0.9031972 1.039053 1.747426 0.866001 1.038002 1.70279 0.8745013 1.063015 1.697704 0.8388461 1.070097 1.704294 0.8202174 1.073082 1.694396 0.8755733 1.08433 1.69288 0.8363114 1.094182 1.703204 0.816151 1.09861 0 0 0 0 0 0 0 0 0 0 0 0 0 0 0 0 0 0 0 0 0 0 0 0
94 1.934678 1.000093 1.004462 2.017897 0.9997914 1.021659 1.85146 1.000395 0.9872646 2.051315 0.5832424 0.9563513 1.871667 0.5805418 0.9306831 2.039129 0.1104031 1.079319 1.853361 0.1037922 1.042685 1.933557 1.109403 1.011804 1.931033 1.26026 0.9998035 1.920602 1.506066 0.999855 1.921074 1.584195 0.9928827 1.962708 1.454466 1.01155 1.881626 1.451029 0.9949512 2.067124 1.430663 1.038649 1.775883 1.422522 0.9804773 2.119004 1.196496 1.084467 1.731078 1.182917 0.9948587 2.164366 0.9626844 1.076904 1.703152 0.9463902 0.9872289 2.10127 0.005729638 0.9727888 1.841219 0.002931319 0.9168029 0 0 0 0 0 0 0 0 0 2.163615 0.9528332 1.055364 2.16035 0.9201161 1.032665 2.153648 0.8831482 1.025649 2.186921 0.8884542 1.062996 2.19385 0.8527425 1.067892 2.189878 0.8331666 1.067275 2.188349 0.8869382 1.085835 2.190934 0.8469118 1.091496 2.183312 0.825134 1.090977 0 0 0 0 0 0 0 0 0 0 0 0 0 0 0 0 0 0 1.713413 0.9355596 0.9688168 1.726969 0.9017935 0.9523125 1.73713 0.8650431 0.9496851 1.689849 0.8708238 0.9692011 1.681733 0.8351949 0.9726672 1.68501 0.8156193 0.974997 1.678538 0.870345 0.9891453 1.673025 0.8305672 0.9944544 1.678836 0.8085211 0.9980378 0 0 0 0 0 0 0 0 0 0 0 0 0 0 0 0 0 0 0 0 0 0 0 0
95 1.92469 0.9919668 0.992794 2.00721 0.9934762 1.013021 1.842169 0.9904572 0.9725666 2.034552 0.5808943 0.9208498 1.880113 0.5710178 0.9248161 2.058213 0.09935459 1.005527 1.833385 0.09575739 1.033435 1.921172 1.101297 0.9989834 1.91729 1.250607 0.9744883 1.908615 1.496297 0.9649892 1.912008 1.574123 0.9557953 1.948981 1.444995 0.9826221 1.869943 1.441256 0.9581137 2.050576 1.421723 1.019234 1.76609 1.413714 0.9324322 2.095299 1.195054 1.098265 1.71572 1.174933 0.9409075 2.145321 0.9624984 1.112352 1.689656 0.9382341 0.9321337 2.125745 0.001765512 0.8956065 1.933194 0.0137355 0.9360833 0 0 0 0 0 0 0 0 0 2.147739 0.9513574 1.091578 2.149623 0.9173604 1.070673 2.146444 0.8795965 1.065718 2.174592 0.8895888 1.106056 2.183434 0.8548529 1.113964 2.180781 0.8350456 1.114077 2.173514 0.8895487 1.128964 2.178243 0.8502291 1.137475 2.172181 0.8279602 1.137493 0 0 0 0 0 0 0 0 0 0 0 0 0 0 0 0 0 0 1.70403 0.92775 0.9164805 1.72218 0.8944783 0.9038358 1.734376 0.8582567 0.9037685 1.683775 0.8619931 0.9130282 1.676319 0.8261235 0.9152842 1.679434 0.8066472 0.9185009 1.668548 0.8611434 0.9301553 1.663319 0.8211976 0.9343781 1.668591 0.7992335 0.9391131 0 0 0 0 0 0 0 0 0 0 0 0 0 0 0 0 0 0 0 0 0 0 0 0
96 1.911437 0.9955974 1.022215 1.989645 0.9974383 1.0554 1.833229 0.9937564 0.9890308 2.104525 0.5960873 0.9896293 1.887984 0.5708485 0.9704084 2.086116 0.1135078 1.062004 1.918315 0.09232339 1.08594 1.908983 1.105131 1.021922 1.897158 1.250919 0.9830041 1.888345 1.495508 0.9579458 1.891222 1.573542 0.9505091 1.923136 1.446244 0.9885235 1.853604 1.439183 0.9440594 2.009109 1.429498 1.055843 1.761375 1.408077 0.8918114 2.048638 1.204979 1.143327 1.712528 1.169737 0.9126263 2.113917 0.9760404 1.153749 1.678365 0.9343176 0.9265327 2.215071 0.01744672 1.04441 1.895205 -0.0006522909 0.9556017 0 0 0 0 0 0 0 0 0 2.123897 0.9676117 1.133977 2.135997 0.936539 1.111968 2.138771 0.8994747 1.103063 2.151627 0.9068841 1.150986 2.161375 0.8722648 1.158319 2.161027 0.8524331 1.155879 2.143495 0.9040999 1.172247 2.149687 0.8645502 1.178436 2.146433 0.8420252 1.174604 0 0 0 0 0 0 0 0 0 0 0 0 0 0 0 0 0 0 1.695647 0.9214122 0.9167175 1.714077 0.8861304 0.9132757 1.72317 0.8497196 0.9205098 1.672388 0.8565904 0.9149122 1.662023 0.8216001 0.9188566 1.662718 0.8025587 0.9248824 1.653067 0.8584748 0.9271235 1.644004 0.8195973 0.9339972 1.64617 0.7981863 0.9423347 0 0 0 0 0 0 0 0 0 0 0 0 0 0 0 0 0 0 0 0 0 0 0 0
97 1.894658 0.990958 0.9813986 1.947681 0.9934705 1.047756 1.841635 0.9884456 0.915041 2.059623 0.5859399 1.047744 1.883242 0.5654525 0.9132876 1.98483 0.1069065 1.106068 1.865494 0.09823051 1.063582 1.8888 1.100362 0.9819374 1.891479 1.248591 0.9514532 1.886479 1.493833 0.9324613 1.893047 1.571825 0.9272494 1.904119 1.443946 0.9745607 1.864883 1.437519 0.9018912 1.946155 1.424622 1.074877 1.809037 1.4054 0.8121519 1.942963 1.198045 1.165859 1.759151 1.166526 0.8034501 1.998567 0.9699256 1.20651 1.729354 0.930258 0.7949338 2.105633 0.009172134 1.151027 1.848938 -0.001062661 0.9369583 0 0 0 0 0 0 0 0 0 2.017127 0.9614197 1.194479 2.0385 0.9302601 1.181495 2.045146 0.8931758 1.175065 2.032001 0.9004637 1.222925 2.036432 0.8657606 1.234032 2.037219 0.8459336 1.231655 2.014202 0.8977419 1.237128 2.016125 0.8581396 1.245423 2.015099 0.8356454 1.240364 0 0 0 0 0 0 0 0 0 0 0 0 0 0 0 0 0 0 1.749507 0.9180266 0.7925239 1.768595 0.8829992 0.7947755 1.774731 0.8460982 0.8026123 1.730958 0.8536502 0.7764697 1.720833 0.8185216 0.7731886 1.71941 0.799082 0.7775989 1.708239 0.8547239 0.7794037 1.698169 0.81549 0.7790341 1.697169 0.7935042 0.7859812 0 0 0 0 0 0 0 0 0 0 0 0 0 0 0 0 0 0 0 0 0 0 0 0
98 1.914507 1.000531 0.9945965 1.930771 1.000276 1.078002 1.898243 1.000787 0.9111905 1.977643 0.5779119 1.05923 1.949065 0.5800561 0.8706799 1.879575 0.09747525 1.093007 1.854848 0.09739324 0.859086 1.907602 1.109862 0.9962778 1.918132 1.26085 0.9957342 1.912254 1.506804 0.9969282 1.912737 1.585224 0.9952035 1.920039 1.453439 1.037719 1.900265 1.453357 0.9572792 1.93949 1.428297 1.143518 1.870565 1.420709 0.85601 1.936273 1.189662 1.195173 1.805838 1.186518 0.8317189 1.953069 0.9543537 1.228797 1.797037 0.9499947 0.8041153 2.007356 -0.001714386 1.093441 1.9605 -0.001710214 0.7870936 0 0 0 0 0 0 0 0 0 1.971639 0.9451274 1.217326 1.98916 0.9117981 1.203965 1.993618 0.8749588 1.194814 1.978885 0.8809333 1.241257 1.97929 0.8484949 1.258429 1.979077 0.8292161 1.263688 1.959911 0.8787714 1.253956 1.959293 0.8414171 1.269611 1.958466 0.818927 1.274725 0 0 0 0 0 0 0 0 0 0 0 0 0 0 0 0 0 0 1.817711 0.9384435 0.8032656 1.838115 0.9043577 0.807529 1.842386 0.8678884 0.8181343 1.802292 0.8726926 0.7896571 1.793132 0.8372643 0.786788 1.792361 0.8180681 0.7922921 1.779434 0.8730347 0.7914772 1.769067 0.8339533 0.7939315 1.767911 0.8128862 0.8032846 0 0 0 0 0 0 0 0 0 0 0 0 0 0 0 0 0 0 0 0 0 0 0 0
99 1.916571 0.9991917 0.9930849 1.929803 0.9981784 1.077019 1.903338 1.000205 0.9091506 2.047801 0.5944655 1.081536 1.964865 0.5819234 0.8670273 1.8539 0.1499914 1.048891 1.872932 0.09967526 0.8661981 1.907982 1.108384 0.9957571 1.921136 1.259075 1.000998 1.921708 1.504769 1.013786 1.928111 1.582931 1.015424 1.9259 1.449346 1.052296 1.910434 1.453612 0.9710298 1.938133 1.419485 1.157948 1.883326 1.428381 0.8669519 1.923518 1.180237 1.204549 1.828953 1.195153 0.8192725 1.929652 0.944133 1.236176 1.82994 0.9608239 0.7760057 1.939681 0.01918044 1.090084 1.974408 0.001861952 0.7868133 0 0 0 0 0 0 0 0 0 1.948974 0.9339538 1.226978 1.967031 0.9002661 1.215342 1.971501 0.8633683 1.206435 1.950403 0.8697352 1.251879 1.947534 0.8353932 1.264515 1.945915 0.8154921 1.26535 1.930007 0.8685693 1.262299 1.926008 0.8296762 1.272889 1.923581 0.8067325 1.27231 0 0 0 0 0 0 0 0 0 0 0 0 0 0 0 0 0 0 1.85135 0.9506687 0.7762098 1.873951 0.9178701 0.7793379 1.880293 0.8808961 0.7866497 1.84201 0.8860005 0.7543716 1.836448 0.8500186 0.7497158 1.837246 0.8308941 0.7554607 1.819117 0.8847988 0.753747 1.812556 0.8448264 0.7537847 1.813224 0.823868 0.7634249 0 0 0 0 0 0 0 0 0 0 0 0 0 0 0 0 0 0 0 0 0 0 0 0
100 1.929057 0.9971948 0.988874 1.945002 0.9956397 1.072327 1.913113 0.9987499 0.9054208 2.056754 0.5902477 1.082175 1.977006 0.5803939 0.8742132 1.840612 0.1550818 1.093745 1.882016 0.0998449 0.8960204 1.920223 1.106336 0.9925952 1.933011 1.257091 0.996839 1.933722 1.502782 1.009668 1.942573 1.580722 1.009755 1.939151 1.447355 1.048016 1.921195 1.451623 0.9672637 1.954491 1.417672 1.153312 1.89151 1.427186 0.8637004 1.939451 1.177872 1.19684 1.835687 1.194785 0.8137169 1.942559 0.9414315 1.226322 1.841435 0.9612082 0.7668982 1.924931 0.02013435 1.122836 1.980487 0.002094053 0.8128638 0 0 0 0 0 0 0 0 0 1.961112 0.9306487 1.216268 1.977771 0.8969045 1.202846 1.980852 0.860236 1.192517 1.9604 0.8658019 1.239516 1.956778 0.8302207 1.247772 1.954483 0.8105853 1.244846 1.9403 0.8652703 1.250545 1.935327 0.8254945 1.256375 1.932077 0.8032565 1.251127 0 0 0 0 0 0 0 0 0 0 0 0 0 0 0 0 0 0 1.862872 0.9511188 0.7664042 1.885591 0.9182721 0.7675314 1.892243 0.8810133 0.7728505 1.853452 0.8874857 0.7417417 1.847939 0.8519974 0.734159 1.848655 0.8323635 0.7378159 1.830557 0.886245 0.741313 1.824416 0.8463425 0.7380061 1.825127 0.8244163 0.7451739 0 0 0 0 0 0 0 0 0 0 0 0 0 0 0 0 0 0 0 0 0 0 0 0
101 1.959869 0.9933906 0.9810462 1.991186 0.9904686 1.059989 1.928553 0.9963124 0.9021049 2.065619 0.5740242 1.047405 1.995401 0.5789536 0.8681321 1.968958 0.0990692 1.112424 1.897738 0.09914319 0.885839 1.953259 1.10255 0.9877086 1.968924 1.253092 0.9877396 1.972622 1.498957 0.9958701 1.981684 1.576785 0.992188 1.987004 1.444149 1.032768 1.950397 1.447155 0.9585223 2.028544 1.416222 1.131248 1.896891 1.42159 0.8653164 2.032134 1.177169 1.180901 1.819291 1.191847 0.8366604 2.051411 0.9407263 1.203401 1.805682 0.9580889 0.7924452 2.094703 0.01081396 1.06177 1.978766 0.001658596 0.7853503 0 0 0 0 0 0 0 0 0 2.065871 0.9307571 1.187491 2.077722 0.8979194 1.168061 2.077748 0.8617217 1.155793 2.073433 0.8651358 1.207056 2.073075 0.8292094 1.21457 2.070191 0.8096389 1.211732 2.057955 0.8637292 1.223921 2.055588 0.8236642 1.2294 2.051084 0.8015517 1.224564 0 0 0 0 0 0 0 0 0 0 0 0 0 0 0 0 0 0 1.826036 0.9471936 0.7871017 1.847036 0.9134791 0.7827792 1.853115 0.8758872 0.7860413 1.808732 0.8845087 0.7643576 1.800188 0.8494281 0.7577491 1.800862 0.8297083 0.7609177 1.786273 0.8841608 0.7689853 1.777874 0.8446037 0.7666316 1.779219 0.8225193 0.7731972 0 0 0 0 0 0 0 0 0 0 0 0 0 0 0 0 0 0 0 0 0 0 0 0
102 1.954135 0.9911528 0.9846859 1.995611 0.9879241 1.058783 1.912659 0.9943812 0.9105883 2.041886 0.5687072 1.011479 2.002904 0.5865703 0.834455 1.9404 0.08999618 1.043427 1.950016 0.0990253 0.8218684 1.956775 1.100633 0.987978 2.001464 1.245231 0.9896655 2.027552 1.48987 0.989038 2.033479 1.567933 0.9841399 2.044395 1.434525 1.024044 1.993931 1.439738 0.9585629 2.106453 1.406623 1.111073 1.922449 1.420947 0.8764601 2.099371 1.168622 1.165205 1.827577 1.197057 0.8541584 2.096845 0.9321085 1.194153 1.793869 0.9666674 0.8034887 2.035367 0.005385184 0.9434829 2.056953 0.003569283 0.7469063 0 0 0 0 0 0 0 0 0 2.104525 0.9204974 1.174975 2.106104 0.8864816 1.154077 2.098322 0.8505248 1.143717 2.110331 0.8544545 1.193702 2.108278 0.8188242 1.202279 2.102494 0.7997273 1.201172 2.100709 0.8548891 1.214515 2.095671 0.8153841 1.221918 2.087459 0.7939523 1.219495 0 0 0 0 0 0 0 0 0 0 0 0 0 0 0 0 0 0 1.81226 0.9557446 0.7932897 1.830737 0.9219769 0.7825813 1.836113 0.8841389 0.7822165 1.788462 0.8950419 0.7710409 1.777551 0.8606466 0.7643161 1.778222 0.8407517 0.7660823 1.76749 0.8948364 0.7803178 1.75747 0.855693 0.7774429 1.759436 0.8332032 0.7822366 0 0 0 0 0 0 0 0 0 0 0 0 0 0 0 0 0 0 0 0 0 0 0 0
103 1.963617 0.9943933 1.036973 2.03008 0.9883757 1.089581 1.897153 1.000411 0.9843664 2.04336 0.5650806 1.034352 1.896665 0.6034527 0.8399472 1.942658 0.08209363 1.04512 1.820761 0.1226466 0.8759122 1.975195 1.10332 1.034806 2.02914 1.243239 1.014286 2.065593 1.485754 0.9946136 2.069097 1.563938 0.989327 2.093893 1.429364 1.018938 2.018749 1.437918 0.9851456 2.190078 1.398213 1.063455 1.913931 1.426202 0.952291 2.190735 1.160748 1.120329 1.798151 1.212496 0.9757328 2.183314 0.9245948 1.151303 1.718283 0.9901782 0.9444418 2.056015 0.001618404 0.9624124 1.78406 0.02981042 0.7486277 0 0 0 0 0 0 0 0 0 2.179502 0.9126744 1.13118 2.16946 0.8784234 1.113226 2.15711 0.8424773 1.109209 2.193957 0.8467525 1.145016 2.196557 0.811247 1.153955 2.190946 0.7922255 1.156419 2.196925 0.8475436 1.167743 2.196347 0.8081952 1.177345 2.187964 0.7868608 1.18003 0 0 0 0 0 0 0 0 0 0 0 0 0 0 0 0 0 0 1.727003 0.9784719 0.9257736 1.733152 0.9440708 0.9064069 1.733524 0.9060229 0.9028039 1.68882 0.9214786 0.9194498 1.672511 0.8885953 0.9194021 1.671964 0.8686397 0.9203229 1.676294 0.9223874 0.9386382 1.662316 0.8844603 0.9412894 1.664217 0.8616225 0.9440212 0 0 0 0 0 0 0 0 0 0 0 0 0 0 0 0 0 0 0 0 0 0 0 0
104 1.988154 0.9908373 1.042817 2.072876 0.9843967 1.041475 1.903432 0.9972777 1.044158 2.060029 0.5580713 1.010655 1.805127 0.5980706 0.9481874 1.956245 0.07869937 1.070511 1.754203 0.1239715 1.051191 1.996373 1.099979 1.037891 2.027327 1.242871 0.9987469 2.043625 1.487241 0.9753585 2.040857 1.565268 0.9678049 2.080763 1.430801 0.9725957 2.001343 1.438236 0.9949274 2.183647 1.40014 0.9465466 1.899751 1.423738 1.035825 2.217447 1.163423 0.9960179 1.829609 1.205507 1.119968 2.231512 0.9282437 1.031737 1.744984 0.9829347 1.129098 2.071117 0.0004126057 0.9877939 1.63612 0.02005675 1.013445 0 0 0 0 0 0 0 0 0 2.216467 0.9162591 1.017897 2.197699 0.8819729 1.009617 2.185372 0.8460522 1.013919 2.236295 0.8503438 1.020739 2.243692 0.8148642 1.026552 2.240644 0.7958706 1.031967 2.252207 0.8512115 1.037231 2.257445 0.8119021 1.045487 2.252299 0.7906052 1.05274 0 0 0 0 0 0 0 0 0 0 0 0 0 0 0 0 0 0 1.737798 0.972923 1.108858 1.727243 0.9403121 1.088328 1.723283 0.9026946 1.082852 1.703336 0.9160559 1.126875 1.690065 0.8830398 1.135881 1.6894 0.8630695 1.13554 1.70765 0.9152064 1.149383 1.697698 0.8769796 1.158356 1.699918 0.8540272 1.157413 0 0 0 0 0 0 0 0 0 0 0 0 0 0 0 0 0 0 0 0 0 0 0 0
105 1.989582 0.9994323 1.005064 2.032524 0.999907 0.9317374 1.94664 0.9989573 1.078392 1.982204 0.5784593 0.9074435 1.865272 0.5841472 1.065641 2.071049 0.09775534 0.9558234 1.959243 0.1096958 1.135307 1.995783 1.108732 1.009403 1.985335 1.259666 1.00513 1.987521 1.505643 1.009596 1.984612 1.584024 1.008628 2.010206 1.452738 0.9741163 1.969969 1.451781 1.046516 2.068355 1.427834 0.8835511 1.923861 1.420017 1.141747 2.112108 1.190349 0.8473425 1.949165 1.184506 1.201068 2.121397 0.9553063 0.8092403 1.940535 0.9480306 1.229141 1.983111 -0.0004850999 0.8621097 1.839465 0.0009772405 1.135836 0 0 0 0 0 0 0 0 0 2.100107 0.9459652 0.8046565 2.07793 0.9128131 0.8023233 2.06849 0.8759939 0.8063231 2.111747 0.8815365 0.7832193 2.122429 0.8481655 0.7722855 2.125178 0.8284705 0.7703052 2.134213 0.8794861 0.7873435 2.14458 0.8412827 0.7787514 2.147471 0.8184 0.7779303 0 0 0 0 0 0 0 0 0 0 0 0 0 0 0 0 0 0 1.924825 0.9366308 1.215548 1.912455 0.9026215 1.198616 1.915441 0.8659841 1.188149 1.925016 0.8711525 1.236964 1.929227 0.8356319 1.245203 1.933406 0.8164219 1.241615 1.942725 0.8713092 1.251535 1.950975 0.8320196 1.25693 1.957822 0.8108456 1.250813 0 0 0 0 0 0 0 0 0 0 0 0 0 0 0 0 0 0 0 0 0 0 0 0
106 1.972472 0.9914423 1.019643 2.019544 0.9945651 0.9489636 1.9254 0.9883192 1.090322 1.962591 0.5797526 0.885139 1.797435 0.5876845 1.096986 2.029046 0.09956118 0.9522438 2.036815 0.1681708 1.151078 1.977556 1.100578 1.027852 1.961093 1.251035 1.027633 1.952242 1.49662 1.039408 1.943647 1.574498 1.035644 1.981533 1.445861 1.005677 1.932382 1.440902 1.072169 2.050957 1.421913 0.923151 1.875975 1.410598 1.162189 2.128361 1.191104 0.9041519 1.880294 1.171768 1.21285 2.145055 0.9573812 0.8608203 1.873476 0.9354965 1.243052 1.987987 0.002176546 0.8297811 1.976263 0.01963874 1.172017 0 0 0 0 0 0 0 0 0 2.125943 0.9468551 0.8515725 2.105424 0.9135543 0.8434286 2.097872 0.8761621 0.8457847 2.145949 0.8834653 0.8334723 2.154786 0.8481086 0.8291044 2.152994 0.8284585 0.832273 2.166989 0.8826948 0.8425636 2.174709 0.8429305 0.8423781 2.17151 0.8209832 0.8487597 0 0 0 0 0 0 0 0 0 0 0 0 0 0 0 0 0 0 1.860453 0.9240828 1.226874 1.85076 0.889679 1.209021 1.852384 0.8527241 1.199406 1.852764 0.8598093 1.250453 1.853278 0.8245129 1.260513 1.856764 0.8048724 1.259299 1.866959 0.8599706 1.268465 1.869714 0.8204568 1.276945 1.875018 0.7981836 1.274044 0 0 0 0 0 0 0 0 0 0 0 0 0 0 0 0 0 0 0 0 0 0 0 0
107 1.889687 0.9956491 1.048471 1.954872 0.9985778 0.9940324 1.824503 0.9927206 1.102909 1.917253 0.5796441 0.9368038 1.743114 0.5818635 1.057747 1.981137 0.09891506 1.010294 1.825934 0.1194554 1.185261 1.89277 1.104749 1.058031 1.881093 1.255541 1.052199 1.876895 1.501442 1.058866 1.870264 1.579286 1.051844 1.913546 1.449317 1.036237 1.846102 1.446864 1.084268 2.004342 1.422326 0.979394 1.763068 1.418932 1.151565 2.082071 1.191204 0.9922662 1.738363 1.179507 1.192677 2.110984 0.9566551 0.9617095 1.711351 0.9430681 1.204921 1.967353 0.001537405 0.8818645 1.74218 0.006093882 1.105881 0 0 0 0 0 0 0 0 0 2.095475 0.9456721 0.9475517 2.078833 0.911887 0.9342127 2.07179 0.8743237 0.9346118 2.12121 0.8827834 0.9362016 2.131732 0.8476498 0.9347196 2.12958 0.8279621 0.9373913 2.138874 0.8825194 0.9508247 2.147255 0.8429527 0.953074 2.142906 0.8209344 0.9584517 0 0 0 0 0 0 0 0 0 0 0 0 0 0 0 0 0 0 1.705461 0.9330195 1.184284 1.703204 0.9000359 1.161849 1.708246 0.8636901 1.151157 1.689105 0.8676994 1.198841 1.685603 0.8318649 1.205977 1.689216 0.8122401 1.204888 1.695335 0.8663772 1.220872 1.694493 0.8263646 1.227128 1.700421 0.8041618 1.225001 0 0 0 0 0 0 0 0 0 0 0 0 0 0 0 0 0 0 0 0 0 0 0 0
108 1.862314 0.9924022 1.02755 1.939386 0.9939857 0.9917927 1.785242 0.9908186 1.063307 1.904704 0.5806274 0.905242 1.784734 0.5714088 1.002117 1.97724 0.09922703 0.9574461 1.814959 0.09605529 1.116042 1.863489 1.101709 1.034925 1.845507 1.251084 1.018427 1.832897 1.496783 1.016914 1.829768 1.574608 1.007614 1.875415 1.445487 1.005373 1.798379 1.441719 1.035586 1.977607 1.422043 0.9705772 1.701301 1.41396 1.080409 2.061418 1.195223 1.004534 1.667503 1.175095 1.118176 2.108962 0.9625964 0.9843483 1.641871 0.9383748 1.12764 1.962398 0.00156524 0.8293495 1.833553 0.01446744 0.9776068 0 0 0 0 0 0 0 0 0 2.097965 0.9514396 0.966568 2.086468 0.9174443 0.9490042 2.080887 0.8796809 0.947124 2.127944 0.8896309 0.9613709 2.139731 0.854879 0.962182 2.137666 0.8350821 0.9639707 2.141303 0.8896055 0.9800115 2.150228 0.8502787 0.983829 2.145434 0.8280278 0.9876432 0 0 0 0 0 0 0 0 0 0 0 0 0 0 0 0 0 0 1.643299 0.9278801 1.106441 1.649627 0.8946163 1.085233 1.659229 0.8584267 1.077559 1.625674 0.862046 1.11651 1.621456 0.8261622 1.12298 1.625982 0.8067057 1.123557 1.62456 0.8612098 1.139401 1.623303 0.8212604 1.145983 1.630452 0.7993203 1.146379 0 0 0 0 0 0 0 0 0 0 0 0 0 0 0 0 0 0 0 0 0 0 0 0
109 1.863901 0.9953378 1.068996 1.944327 1.000885 1.042125 1.783475 0.9897911 1.095867 1.954005 0.5980932 0.9081578 1.787923 0.5689504 1.030089 1.997762 0.1096707 0.923203 1.855464 0.08562568 1.094101 1.854807 1.10442 1.064292 1.811221 1.243898 1.024865 1.784791 1.486563 0.9941306 1.784362 1.564882 0.9897799 1.831841 1.43833 0.9997954 1.749852 1.430521 1.008652 1.941345 1.423757 0.9994812 1.644077 1.40144 1.021678 2.036136 1.206801 1.059224 1.620708 1.163667 1.072104 2.108871 0.9800122 1.051519 1.609851 0.9278073 1.104278 2.038802 0.03337752 0.7865953 1.816599 0.002106274 0.961132 0 0 0 0 0 0 0 0 0 2.104773 0.9689117 1.030987 2.102345 0.935033 1.009948 2.101251 0.8970833 1.005546 2.140775 0.9102293 1.033498 2.155094 0.8766085 1.036949 2.154516 0.8566416 1.037544 2.147944 0.9103588 1.055282 2.159095 0.8717852 1.060627 2.15556 0.8490382 1.062275 0 0 0 0 0 0 0 0 0 0 0 0 0 0 0 0 0 0 1.619912 0.9155861 1.086643 1.63526 0.8811268 1.073477 1.648355 0.8452299 1.074286 1.602024 0.8497758 1.096397 1.59683 0.8144034 1.104711 1.601426 0.7954792 1.109197 1.591972 0.8509212 1.116979 1.589592 0.8117473 1.127007 1.596753 0.7905401 1.13263 0 0 0 0 0 0 0 0 0 0 0 0 0 0 0 0 0 0 0 0 0 0 0 0
110 1.812901 0.9921203 1.075261 1.894282 0.9982494 1.098941 1.731521 0.9859911 1.051581 2.020882 0.6004741 1.036618 1.7598 0.5603473 1.019049 2.039326 0.1267844 1.151124 1.832205 0.07869627 1.103535 1.807553 1.101109 1.065433 1.788945 1.242138 1.013731 1.781108 1.485637 0.9794388 1.785571 1.563711 0.9733157 1.816135 1.437361 1.011294 1.74581 1.429045 0.9683194 1.902508 1.425507 1.079138 1.654017 1.39781 0.9153843 1.952876 1.211148 1.184676 1.609307 1.160326 0.9504113 2.032648 0.9909465 1.228615 1.591707 0.9241488 0.9767518 2.166535 0.0282067 1.134778 1.785337 0.00153926 0.9693074 0 0 0 0 0 0 0 0 0 2.04432 0.9799837 1.211146 2.058839 0.9463987 1.195097 2.063191 0.9085367 1.19222 2.072122 0.9235584 1.239241 2.082084 0.8908122 1.252498 2.082382 0.8708394 1.253107 2.062449 0.9237359 1.260033 2.069089 0.885821 1.27265 2.066672 0.8628757 1.272089 0 0 0 0 0 0 0 0 0 0 0 0 0 0 0 0 0 0 1.61016 0.912264 0.9678192 1.630571 0.8780237 0.9651175 1.64114 0.8420532 0.9725461 1.590464 0.8463468 0.9641981 1.581741 0.8108282 0.9673014 1.583096 0.7917884 0.9732194 1.570423 0.8470944 0.9753199 1.563053 0.8077239 0.9813628 1.565877 0.7863644 0.9896355 0 0 0 0 0 0 0 0 0 0 0 0 0 0 0 0 0 0 0 0 0 0 0 0
111 1.823523 0.9969256 1.056724 1.858217 0.9977366 1.134292 1.788828 0.9961145 0.9791565 1.922148 0.5782665 1.120374 1.845493 0.5793064 0.9366503 1.833245 0.09833284 1.169329 1.744908 0.1075229 1.013795 1.815844 1.106194 1.059016 1.824137 1.257002 1.049196 1.817956 1.502894 1.043852 1.820483 1.581228 1.040644 1.832379 1.450773 1.084443 1.79982 1.4483 1.008316 1.867822 1.427066 1.186352 1.752947 1.415069 0.9139633 1.867202 1.191311 1.249945 1.692834 1.178851 0.8993869 1.898157 0.9570904 1.281016 1.675782 0.9421433 0.8779039 1.961965 0.0003870353 1.171422 1.799742 0.0003276691 0.9057722 0 0 0 0 0 0 0 0 0 1.915492 0.9481467 1.26756 1.932716 0.9155915 1.252074 1.936641 0.8787618 1.242643 1.926666 0.8842641 1.290802 1.929444 0.8504888 1.304903 1.929699 0.8306116 1.306952 1.909295 0.8818222 1.305574 1.910292 0.8431746 1.317666 1.909386 0.8201331 1.318617 0 0 0 0 0 0 0 0 0 0 0 0 0 0 0 0 0 0 1.696018 0.9304182 0.8740859 1.716244 0.8959724 0.8749595 1.722372 0.8592209 0.8834753 1.67809 0.8652626 0.8606906 1.668263 0.8299934 0.8580756 1.667744 0.8105862 0.8628139 1.655658 0.8657768 0.8654299 1.645634 0.8265703 0.8672247 1.6454 0.8049334 0.8752518 0 0 0 0 0 0 0 0 0 0 0 0 0 0 0 0 0 0 0 0 0 0 0 0
112 1.843633 0.9979972 1.08158 1.869528 0.9965498 1.162503 1.817739 0.9994445 1.000657 2.002072 0.5974476 1.171323 1.874792 0.5819641 0.9489236 1.78087 0.1655476 1.143891 1.787774 0.09994832 0.9754968 1.834962 1.107113 1.086307 1.849515 1.257692 1.091072 1.853629 1.50321 1.106336 1.860904 1.581312 1.106626 1.863261 1.447313 1.143146 1.835656 1.45262 1.065228 1.890975 1.416412 1.245522 1.792757 1.428587 0.9663048 1.881142 1.177132 1.293203 1.732137 1.196069 0.9228802 1.889865 0.9409602 1.323692 1.731215 0.9625283 0.8755445 1.853166 0.02725377 1.186491 1.87182 0.002426825 0.8775549 0 0 0 0 0 0 0 0 0 1.907778 0.9304987 1.312237 1.92417 0.8966596 1.298726 1.927451 0.8596565 1.289739 1.912072 0.8666575 1.33777 1.91072 0.8320155 1.349828 1.909063 0.8121 1.34988 1.893191 0.8658023 1.35076 1.89043 0.8266773 1.36088 1.887741 0.8038077 1.359334 0 0 0 0 0 0 0 0 0 0 0 0 0 0 0 0 0 0 1.752552 0.9526994 0.8724251 1.775754 0.9201874 0.8714466 1.783584 0.8831753 0.876883 1.740936 0.8883219 0.850822 1.735114 0.8524473 0.8456807 1.736818 0.8330898 0.8503447 1.718211 0.8867826 0.8535008 1.712241 0.8467212 0.8529539 1.714416 0.8253259 0.8613291 0 0 0 0 0 0 0 0 0 0 0 0 0 0 0 0 0 0 0 0 0 0 0 0
113 1.888914 0.9935992 1.122984 1.920681 0.9908945 1.201754 1.857147 0.9963039 1.044215 2.046859 0.5896594 1.205956 1.921482 0.5794092 1.002115 1.80385 0.1723533 1.260937 1.835349 0.09935495 1.047583 1.881462 1.102698 1.129735 1.896004 1.253334 1.132174 1.899236 1.4991 1.143034 1.90834 1.576968 1.140479 1.913126 1.443911 1.17955 1.87766 1.447681 1.104787 1.95167 1.414428 1.278791 1.825478 1.422485 1.010735 1.942578 1.174984 1.325788 1.755046 1.190853 0.9789457 1.948102 0.9385059 1.354608 1.747765 0.9568536 0.9345102 1.86789 0.023815 1.262334 1.90644 0.001855277 0.9398489 0 0 0 0 0 0 0 0 0 1.963992 0.9276102 1.340811 1.977181 0.8937615 1.324178 1.977766 0.8570679 1.313501 1.967962 0.8627862 1.363793 1.966014 0.8272328 1.372706 1.963036 0.8076085 1.370383 1.950711 0.8623775 1.378899 1.946899 0.8226351 1.385743 1.942474 0.8004118 1.381363 0 0 0 0 0 0 0 0 0 0 0 0 0 0 0 0 0 0 1.768352 0.9463964 0.9291816 1.79008 0.9131411 0.924902 1.796975 0.8756943 0.9282112 1.752416 0.8833219 0.9065151 1.744637 0.8480558 0.8999505 1.745739 0.8283589 0.9031439 1.72997 0.8824916 0.9111423 1.722432 0.8427585 0.9088378 1.724257 0.8207168 0.9154315 0 0 0 0 0 0 0 0 0 0 0 0 0 0 0 0 0 0 0 0 0 0 0 0
114 1.91432 0.996312 1.115962 1.966352 0.9944038 1.183119 1.862288 0.9982197 1.048804 2.015608 0.5752575 1.143315 1.905835 0.5802516 0.989758 1.929449 0.0986891 1.216614 1.816927 0.09999528 1.033099 1.909751 1.105577 1.122605 1.925664 1.256061 1.119483 1.933303 1.50184 1.127437 1.940668 1.57977 1.122365 1.956048 1.446712 1.159308 1.901981 1.45042 1.096662 2.020352 1.417943 1.244402 1.826928 1.42571 1.019459 2.032341 1.178241 1.289396 1.748359 1.194995 1.004534 2.052325 0.9415505 1.308396 1.728229 0.9617084 0.960319 2.043936 0.00678613 1.148693 1.87891 0.002109729 0.9202127 0 0 0 0 0 0 0 0 0 2.062399 0.9310833 1.289674 2.068806 0.8977415 1.268612 2.06542 0.861356 1.257413 2.073627 0.8656662 1.30813 2.074639 0.8298764 1.316214 2.07091 0.8103144 1.31454 2.062653 0.8647932 1.328248 2.061172 0.8248674 1.334924 2.055358 0.8027594 1.33175 0 0 0 0 0 0 0 0 0 0 0 0 0 0 0 0 0 0 1.746855 0.9514717 0.9498396 1.767126 0.9184548 0.9400768 1.775086 0.8810996 0.9414854 1.726341 0.8881506 0.9320703 1.717546 0.8527781 0.9277425 1.719671 0.833105 0.930541 1.705871 0.8870773 0.9423537 1.698465 0.8472536 0.9420776 1.702196 0.8252541 0.9479723 0 0 0 0 0 0 0 0 0 0 0 0 0 0 0 0 0 0 0 0 0 0 0 0
115 1.924116 0.9947328 1.12443 1.983778 0.9925531 1.184901 1.864455 0.9969122 1.063958 1.997849 0.5714535 1.125622 1.90973 0.5898021 0.9537864 1.897869 0.09192119 1.167561 1.852803 0.1032849 0.9706235 1.925953 1.104258 1.126565 1.966933 1.249796 1.119647 1.991775 1.494535 1.115763 1.997132 1.572579 1.109992 2.01711 1.438802 1.144472 1.951483 1.444667 1.09427 2.098377 1.40935 1.213261 1.860723 1.426209 1.034057 2.101434 1.171077 1.266566 1.767698 1.200451 1.031944 2.104058 0.9350387 1.299153 1.733244 0.9696285 0.9838095 2.000956 0.002371866 1.080839 1.889339 0.01111262 0.8428102 0 0 0 0 0 0 0 0 0 2.107056 0.9227874 1.279091 2.103579 0.8881738 1.25944 2.093399 0.8520433 1.252249 2.116587 0.8572317 1.298004 2.116332 0.8218896 1.307912 2.110328 0.8028468 1.308746 2.112004 0.8583842 1.320445 2.108549 0.8191753 1.330015 2.099865 0.7977936 1.330197 0 0 0 0 0 0 0 0 0 0 0 0 0 0 0 0 0 0 1.748711 0.9601142 0.9685841 1.765394 0.9278224 0.9519944 1.772565 0.8904204 0.9487672 1.723146 0.8984873 0.9514174 1.712744 0.8636119 0.9466429 1.714982 0.8437681 0.9474158 1.705568 0.8967525 0.9660444 1.697343 0.8571171 0.9645514 1.7018 0.8347049 0.9677863 0 0 0 0 0 0 0 0 0 0 0 0 0 0 0 0 0 0 0 0 0 0 0 0
116 1.958446 0.9954684 1.129732 2.038679 0.9958174 1.157725 1.878213 0.9951194 1.10174 2.001853 0.5717263 1.118832 1.83527 0.5876141 0.99821 1.887387 0.09586491 1.185237 1.815154 0.1081051 1.088489 1.956035 1.104863 1.135279 1.983598 1.2534 1.126029 2.001478 1.498776 1.126154 2.005135 1.576663 1.117594 2.037703 1.442653 1.136655 1.956311 1.448592 1.122452 2.140441 1.411037 1.162128 1.847958 1.42896 1.113626 2.165608 1.172026 1.205311 1.765894 1.20088 1.14312 2.18625 0.9365716 1.235613 1.717948 0.9720752 1.096939 2.009609 -0.002187349 1.145057 1.729664 0.005561911 0.997149 0 0 0 0 0 0 0 0 0 2.181922 0.9236709 1.216211 2.17334 0.8880816 1.20021 2.163613 0.8511686 1.198319 2.202472 0.8595836 1.230929 2.208946 0.8248398 1.240842 2.205446 0.8054934 1.244426 2.207023 0.8614251 1.253332 2.210721 0.8225985 1.26427 2.204759 0.8006865 1.268388 0 0 0 0 0 0 0 0 0 0 0 0 0 0 0 0 0 0 1.724714 0.9645262 1.07552 1.732439 0.9344247 1.050409 1.738143 0.8978016 1.041083 1.69559 0.9026768 1.067002 1.68479 0.8676752 1.064647 1.687411 0.8479708 1.062586 1.686952 0.89893 1.087914 1.679714 0.859084 1.087051 1.685468 0.8367622 1.085923 0 0 0 0 0 0 0 0 0 0 0 0 0 0 0 0 0 0 0 0 0 0 0 0
117 1.951602 0.998708 1.104967 2.035958 0.9981076 1.094726 1.867247 0.9993084 1.115208 2.021154 0.5768812 1.042106 1.831934 0.5801708 1.055492 2.03634 0.09829511 1.149841 1.838165 0.09856509 1.150321 1.953279 1.108006 1.112373 1.957486 1.258839 1.100528 1.961288 1.504811 1.104038 1.962451 1.583192 1.101208 2.001737 1.450918 1.09841 1.920579 1.451936 1.11496 2.107921 1.424478 1.083262 1.817905 1.42095 1.141448 2.157715 1.185696 1.094595 1.783161 1.187941 1.205672 2.191264 0.949918 1.086462 1.74725 0.9523777 1.203873 2.06755 -0.002076179 1.026886 1.757077 0.0004769042 1.05047 0 0 0 0 0 0 0 0 0 2.180502 0.9400385 1.067803 2.167384 0.9063068 1.050879 2.157871 0.8694646 1.047285 2.204026 0.8753859 1.064228 2.219426 0.8420945 1.065565 2.223111 0.822483 1.06665 2.215872 0.8738929 1.083808 2.229501 0.8358253 1.086245 2.232581 0.8130252 1.088063 0 0 0 0 0 0 0 0 0 0 0 0 0 0 0 0 0 0 1.746701 0.9414034 1.182877 1.750296 0.9076752 1.161763 1.759601 0.8709319 1.156853 1.730222 0.8758205 1.196045 1.725003 0.8404227 1.204236 1.729107 0.8208749 1.204872 1.731262 0.8755048 1.218953 1.730983 0.836063 1.228178 1.73864 0.814315 1.229198 0 0 0 0 0 0 0 0 0 0 0 0 0 0 0 0 0 0 0 0 0 0 0 0
118 1.951737 0.99722 1.103717 2.034725 0.998302 1.08547 1.868749 0.9961381 1.121964 2.028949 0.5784951 1.022058 1.823276 0.5841486 1.044983 2.051396 0.0983763 1.120515 1.875889 0.1170307 1.172744 1.952132 1.106468 1.111989 1.944644 1.257282 1.101622 1.938534 1.503189 1.106291 1.936067 1.581506 1.102634 1.98108 1.451002 1.10008 1.900085 1.448663 1.117281 2.087838 1.427016 1.084878 1.798357 1.416125 1.145503 2.149184 1.191038 1.098149 1.770962 1.179664 1.199916 2.185517 0.9566191 1.075557 1.745609 0.9430755 1.212803 2.076333 0.0004446134 0.994205 1.785661 0.002579473 1.102554 0 0 0 0 0 0 0 0 0 2.175623 0.9474013 1.056097 2.163594 0.9146011 1.036712 2.15493 0.8777269 1.031612 2.200336 0.8833265 1.05064 2.214389 0.8494237 1.051279 2.216189 0.8295277 1.051807 2.21147 0.88116 1.070572 2.223179 0.8424394 1.072678 2.223627 0.8194153 1.074206 0 0 0 0 0 0 0 0 0 0 0 0 0 0 0 0 0 0 1.745551 0.9315753 1.192083 1.749946 0.897352 1.171939 1.759171 0.8605862 1.167047 1.728451 0.8664086 1.206472 1.724181 0.8310046 1.215168 1.728954 0.811628 1.216232 1.728903 0.8666694 1.229399 1.728927 0.8273357 1.23908 1.737044 0.8057725 1.240418 0 0 0 0 0 0 0 0 0 0 0 0 0 0 0 0 0 0 0 0 0 0 0 0
119 1.944972 0.9984964 1.099982 2.0293 0.9995784 1.089555 1.860644 0.9974144 1.11041 2.036197 0.5807858 1.020772 1.778152 0.6017874 0.993782 2.033888 0.1000121 1.1177 1.863429 0.1676174 1.194891 1.944774 1.107625 1.109707 1.937875 1.258363 1.097911 1.925442 1.504067 1.10001 1.92342 1.582163 1.092948 1.969613 1.452913 1.097893 1.887522 1.448672 1.108119 2.077319 1.429139 1.091736 1.783599 1.417889 1.129476 2.141146 1.194753 1.116515 1.745533 1.179746 1.167734 2.181029 0.9608 1.095105 1.714006 0.943741 1.177256 2.074595 0.00229878 0.9953809 1.794691 0.03336511 1.136426 0 0 0 0 0 0 0 0 0 2.173254 0.9511719 1.074896 2.162883 0.9185327 1.054318 2.154346 0.8816044 1.049401 2.197737 0.886787 1.073771 2.207671 0.8515387 1.076255 2.205443 0.8316962 1.077077 2.20657 0.885037 1.094863 2.213175 0.8453013 1.099137 2.208278 0.8228335 1.1011 0 0 0 0 0 0 0 0 0 0 0 0 0 0 0 0 0 0 1.71527 0.9328325 1.156257 1.719416 0.8989611 1.135475 1.726185 0.8618811 1.129151 1.691433 0.8690027 1.16644 1.685359 0.8334135 1.173061 1.68977 0.8139313 1.173666 1.6894 0.8686252 1.189281 1.686531 0.8288785 1.196548 1.69396 0.8070375 1.197198 0 0 0 0 0 0 0 0 0 0 0 0 0 0 0 0 0 0 0 0 0 0 0 0
120 1.923288 1.001662 1.090183 2.00825 1.001763 1.091785 1.838326 1.001561 1.088581 2.026188 0.5815753 1.031467 1.828378 0.5875042 1.009748 2.028114 0.1007634 1.130609 1.833554 0.1233561 1.15762 1.923002 1.110912 1.098433 1.919395 1.261766 1.08667 1.908855 1.507563 1.08809 1.907915 1.585662 1.080834 1.952487 1.456028 1.091637 1.869731 1.452483 1.090883 2.059993 1.431678 1.098932 1.763453 1.423175 1.097938 2.119711 1.197317 1.132595 1.722038 1.183935 1.123899 2.162488 0.9633796 1.117547 1.690961 0.9476849 1.125613 2.074031 0.002505563 1.010593 1.771914 0.01245823 1.057276 0 0 0 0 0 0 0 0 0 2.157789 0.953586 1.096485 2.150311 0.9210161 1.074585 2.14224 0.8841113 1.068784 2.18165 0.8890383 1.099701 2.18902 0.8532801 1.103486 2.184802 0.8337474 1.103719 2.187172 0.8874575 1.121904 2.190661 0.8474355 1.12709 2.183136 0.825638 1.128029 0 0 0 0 0 0 0 0 0 0 0 0 0 0 0 0 0 0 1.696461 0.936841 1.105273 1.705657 0.9031305 1.085899 1.714938 0.8663787 1.081006 1.673791 0.872078 1.111434 1.667538 0.8363487 1.117057 1.672001 0.816932 1.118626 1.66766 0.8716136 1.133528 1.664429 0.8317911 1.140204 1.671764 0.8100088 1.142294 0 0 0 0 0 0 0 0 0 0 0 0 0 0 0 0 0 0 0 0 0 0 0 0
121 1.914785 1.002301 1.072259 1.999168 1.002171 1.082288 1.830402 1.00243 1.062229 2.033031 0.5824931 1.02468 1.847906 0.5799201 1.015741 2.044907 0.1018209 1.124327 1.846769 0.09995014 1.121856 1.914156 1.111656 1.078954 1.910096 1.262299 1.064867 1.901954 1.508188 1.06344 1.90277 1.586359 1.057002 1.94446 1.456277 1.071856 1.862196 1.4535 1.062553 2.050629 1.431739 1.090013 1.755852 1.423919 1.058145 2.106373 1.19715 1.128551 1.713912 1.184929 1.085529 2.149273 0.96299 1.117981 1.686985 0.9481714 1.087486 2.085682 0.003170706 1.002786 1.814619 0.002255872 0.9970002 0 0 0 0 0 0 0 0 0 2.146505 0.9532685 1.096547 2.140961 0.9206526 1.074147 2.1334 0.8838086 1.067357 2.169853 0.8886617 1.101734 2.177342 0.853002 1.106161 2.173709 0.8333508 1.106092 2.173316 0.8870035 1.124343 2.177084 0.8470221 1.129646 2.170327 0.8249562 1.129916 0 0 0 0 0 0 0 0 0 0 0 0 0 0 0 0 0 0 1.695174 0.9368684 1.068335 1.707191 0.9027712 1.051326 1.717571 0.8660492 1.049204 1.673309 0.8717663 1.073792 1.666043 0.836261 1.079612 1.669824 0.8168207 1.082287 1.664521 0.8718058 1.094975 1.660306 0.8322212 1.102468 1.666803 0.8103901 1.106186 0 0 0 0 0 0 0 0 0 0 0 0 0 0 0 0 0 0 0 0 0 0 0 0
122 1.898398 1.002596 1.070085 1.98187 1.001836 1.085992 1.814926 1.003356 1.054176 2.041659 0.5870052 1.01862 1.843674 0.5805961 1.01151 2.058355 0.1051718 1.108867 1.856143 0.0997379 1.115309 1.898272 1.111999 1.075972 1.89142 1.262009 1.057037 1.885692 1.507875 1.050233 1.887723 1.586042 1.044005 1.926652 1.455836 1.063891 1.845737 1.453465 1.046321 2.03049 1.432601 1.09358 1.740648 1.42301 1.031074 2.081395 1.197659 1.136424 1.696173 1.185777 1.068055 2.123211 0.9632496 1.127109 1.669264 0.9492565 1.078867 2.134375 0.01047649 1.002001 1.813797 0.002538763 0.9931374 0 0 0 0 0 0 0 0 0 2.122432 0.9539123 1.105343 2.119104 0.9213478 1.082435 2.112454 0.8845956 1.074322 2.145412 0.8892564 1.111477 2.155099 0.8542503 1.116772 2.153999 0.8342964 1.116889 2.146811 0.8871959 1.134275 2.153203 0.8475828 1.139821 2.149662 0.824778 1.140018 0 0 0 0 0 0 0 0 0 0 0 0 0 0 0 0 0 0 1.679273 0.9369118 1.061288 1.69319 0.9019734 1.0478 1.704302 0.8654516 1.049656 1.658739 0.8716875 1.069674 1.650127 0.8367662 1.076997 1.65269 0.8173873 1.081152 1.648262 0.8729244 1.090035 1.642758 0.8339711 1.09969 1.647766 0.8121691 1.105367 0 0 0 0 0 0 0 0 0 0 0 0 0 0 0 0 0 0 0 0 0 0 0 0
123 1.874647 1.001867 1.066543 1.954643 1.001356 1.095207 1.794652 1.002378 1.037879 2.026281 0.5872863 1.036577 1.823175 0.580492 0.9905696 2.036816 0.1067687 1.133244 1.826631 0.0997503 1.093456 1.873074 1.111234 1.072885 1.87244 1.261339 1.053479 1.869701 1.507283 1.047724 1.872512 1.585509 1.042652 1.90791 1.454797 1.066632 1.830259 1.453258 1.037831 2.006232 1.431379 1.111222 1.728825 1.421595 1.007627 2.045796 1.19504 1.158161 1.672603 1.187053 1.045755 2.083707 0.9598287 1.162774 1.640728 0.9509609 1.051004 2.121037 0.004634224 1.04028 1.798389 0.002204798 0.9675431 0 0 0 0 0 0 0 0 0 2.086923 0.950249 1.141339 2.089375 0.9168499 1.119549 2.086821 0.8796265 1.111262 2.113206 0.8875048 1.152223 2.127108 0.854782 1.161346 2.130291 0.8351658 1.163455 2.111248 0.8857726 1.175006 2.122976 0.8480321 1.183891 2.12498 0.8251423 1.186054 0 0 0 0 0 0 0 0 0 0 0 0 0 0 0 0 0 0 1.652237 0.938278 1.034626 1.667009 0.9029976 1.023074 1.677489 0.8665097 1.027495 1.631203 0.8731679 1.042649 1.620356 0.8387557 1.049389 1.621305 0.8193008 1.053859 1.619011 0.8748043 1.062004 1.611281 0.8362854 1.071872 1.614385 0.814359 1.078371 0 0 0 0 0 0 0 0 0 0 0 0 0 0 0 0 0 0 0 0 0 0 0 0
124 1.871238 1.002029 1.057804 1.948617 1.00192 1.092926 1.793858 1.002137 1.022683 1.990458 0.5808446 1.048578 1.810429 0.5811743 0.966238 2.004609 0.1009327 1.154267 1.78947 0.100144 1.063129 1.868538 1.111377 1.06409 1.875454 1.262145 1.052714 1.875289 1.508171 1.053314 1.877204 1.586555 1.051027 1.912596 1.454815 1.071578 1.835508 1.454838 1.041264 2.010031 1.42988 1.117274 1.735378 1.422228 1.007883 2.044712 1.191417 1.156742 1.672001 1.190192 1.049922 2.076977 0.9557437 1.170879 1.636963 0.9545724 1.04369 2.069746 0.001529656 1.044527 1.778481 0.002060436 0.9349661 0 0 0 0 0 0 0 0 0 2.079552 0.9460135 1.149426 2.081345 0.9120294 1.128492 2.078795 0.8747364 1.120524 2.106363 0.883431 1.159944 2.122978 0.8524498 1.170499 2.128888 0.8337418 1.174302 2.105124 0.8818637 1.18279 2.120358 0.8457895 1.193155 2.126138 0.8238404 1.197334 0 0 0 0 0 0 0 0 0 0 0 0 0 0 0 0 0 0 1.647363 0.942 1.026505 1.66103 0.9067315 1.013634 1.671281 0.8701627 1.017927 1.626682 0.8768781 1.035311 1.615258 0.8426774 1.042175 1.615894 0.8231288 1.046277 1.615757 0.8783805 1.055419 1.607896 0.8400261 1.065811 1.61082 0.8180295 1.072154 0 0 0 0 0 0 0 0 0 0 0 0 0 0 0 0 0 0 0 0 0 0 0 0
125 1.890256 1.000494 1.061855 1.968656 1.000262 1.094635 1.811856 1.000725 1.029075 1.990337 0.5782452 1.046412 1.817582 0.5806999 0.9649758 1.981523 0.09792139 1.149984 1.786631 0.09916026 1.055724 1.887818 1.109829 1.068458 1.895598 1.260675 1.058798 1.896067 1.506679 1.062128 1.898809 1.585045 1.060072 1.933996 1.453049 1.078172 1.855671 1.453563 1.051218 2.033329 1.427396 1.119143 1.754168 1.421613 1.021555 2.071041 1.188824 1.155004 1.692361 1.189123 1.063427 2.104522 0.953157 1.166095 1.662472 0.9531657 1.048805 2.057381 -0.001248509 1.047137 1.768502 0.0006623939 0.9286962 0 0 0 0 0 0 0 0 0 2.105078 0.9432661 1.144568 2.102892 0.9093686 1.123532 2.096863 0.8724435 1.115726 2.127338 0.8787249 1.153787 2.141102 0.8460674 1.163346 2.14487 0.8267192 1.166635 2.127284 0.8772465 1.176673 2.139127 0.8397031 1.186216 2.142311 0.8171417 1.189888 0 0 0 0 0 0 0 0 0 0 0 0 0 0 0 0 0 0 1.672702 0.941534 1.030871 1.686966 0.9072501 1.016124 1.698225 0.8708021 1.018476 1.653509 0.875693 1.037406 1.64447 0.8406257 1.043398 1.64701 0.8211002 1.046814 1.643039 0.8761345 1.057805 1.637797 0.8371007 1.067277 1.643026 0.8153324 1.072885 0 0 0 0 0 0 0 0 0 0 0 0 0 0 0 0 0 0 0 0 0 0 0 0
126 1.913334 0.9995252 1.067734 1.993274 0.9989911 1.096549 1.833394 1.000059 1.038918 2.005052 0.5774137 1.044618 1.829464 0.5800047 0.973238 1.981045 0.09830311 1.149263 1.786094 0.09801149 1.057848 1.911454 1.108831 1.074975 1.918329 1.259777 1.066228 1.917871 1.505745 1.071628 1.918582 1.584171 1.070329 1.956829 1.45217 1.085202 1.877196 1.452522 1.062397 2.058216 1.426491 1.120768 1.774431 1.420226 1.037902 2.099345 1.187777 1.151572 1.717491 1.186761 1.081228 2.134825 0.952192 1.15644 1.688053 0.9506799 1.067735 2.055545 -0.001906686 1.046431 1.767665 -0.000436075 0.9308228 0 0 0 0 0 0 0 0 0 2.133997 0.942798 1.1347 2.130619 0.909412 1.113013 2.12433 0.8726292 1.104753 2.157347 0.8782796 1.140884 2.171514 0.8453701 1.148856 2.175225 0.8259047 1.151444 2.15886 0.8762817 1.163681 2.171085 0.8385138 1.17174 2.174167 0.8158358 1.174714 0 0 0 0 0 0 0 0 0 0 0 0 0 0 0 0 0 0 1.697416 0.9393507 1.049146 1.710787 0.9053531 1.032969 1.721739 0.8687478 1.033901 1.677478 0.8736507 1.054813 1.669472 0.8382971 1.060586 1.67306 0.8188641 1.06356 1.667798 0.8737366 1.075603 1.663745 0.8344935 1.08479 1.670334 0.8129664 1.08987 0 0 0 0 0 0 0 0 0 0 0 0 0 0 0 0 0 0 0 0 0 0 0 0
131 1.908068 0.961161 1.074298 1.982481 0.9591539 1.115284 1.833656 0.963168 1.033312 2.09374 0.5865439 0.9547834 1.851407 0.5482179 0.9667606 2.024312 0.1057909 0.9732938 1.731995 0.1717961 1.250077 1.907491 1.070534 1.080702 1.914559 1.22139 1.07065 1.922404 1.467221 1.07655 1.927579 1.54544 1.073744 1.952242 1.412272 1.102291 1.885097 1.415576 1.053895 2.037879 1.388624 1.167948 1.796947 1.400329 0.9890814 2.043083 1.15811 1.248327 1.736137 1.168267 0.9435363 2.084868 0.9236191 1.255479 1.72307 0.9403623 0.8751869 2.134258 0.004093371 0.912169 1.720638 0.02343246 1.186626 0 0 0 0 0 0 0 0 0 2.090828 0.9120479 1.235676 2.095493 0.8771235 1.216839 2.092692 0.8394864 1.210808 2.111106 0.849297 1.255606 2.120354 0.814938 1.264618 2.120137 0.7949572 1.264933 2.105469 0.8496708 1.277833 2.108923 0.8105757 1.287856 2.104436 0.7879388 1.288116 0 0 0 0 0 0 0 0 0 0 0 0 0 0 0 0 0 0 1.742418 0.9325008 0.8639894 1.762212 0.9011293 0.849144 1.770606 0.8646758 0.8413067 1.722501 0.8772556 0.82797 1.714039 0.8460904 0.8105221 1.714768 0.8268114 0.8053102 1.701121 0.8743688 0.8357472 1.691928 0.8374684 0.821794 1.692872 0.8145477 0.8192677 0 0 0 0 0 0 0 0 0 0 0 0 0 0 0 0 0 0 0 0 0 0 0 0
132 2.044377 0.9705625 0.9861207 2.099171 0.9706605 1.051073 1.989584 0.9704644 0.9211683 2.16076 0.5693136 0.9382992 2.103652 0.5910341 0.7799268 2.035171 0.09922049 0.9568582 1.877421 0.1929866 0.943017 2.038553 1.079866 0.9908681 2.051353 1.230678 0.9916034 2.057696 1.476146 1.006914 2.064955 1.554244 1.007864 2.079445 1.420186 1.038021 2.027764 1.425545 0.9735088 2.146002 1.395555 1.122681 1.961588 1.414345 0.8857651 2.141989 1.15706 1.17492 1.898299 1.182781 0.8410687 2.194787 0.9252676 1.158567 1.890709 0.9505082 0.7883954 2.14772 0.0008113021 0.895092 1.875626 0.0467682 0.8738523 0 0 0 0 0 0 0 0 0 2.203843 0.9181253 1.137866 2.215036 0.8875186 1.114752 2.218296 0.8515244 1.10232 2.229869 0.85533 1.149068 2.24425 0.821857 1.153545 2.248185 0.8023887 1.151338 2.222298 0.8511203 1.170302 2.230561 0.8116743 1.174373 2.229925 0.7888442 1.171053 0 0 0 0 0 0 0 0 0 0 0 0 0 0 0 0 0 0 1.911294 0.9395557 0.7841663 1.930206 0.9047858 0.7787185 1.935657 0.8669994 0.7769208 1.895699 0.8827278 0.7484808 1.889397 0.8508118 0.731482 1.889536 0.8311167 0.728097 1.8728 0.8828586 0.7497268 1.863334 0.8456042 0.7369461 1.862075 0.8225597 0.7369452 0 0 0 0 0 0 0 0 0 0 0 0 0 0 0 0 0 0 0 0 0 0 0 0
133 2.303004 0.9603199 0.8846273 2.335793 0.9605483 0.9630237 2.270216 0.9600915 0.8062305 2.312287 0.5411339 0.9158783 2.472371 0.6123868 0.6801395 2.097926 0.1032634 0.9455953 2.501688 0.1280204 0.6385131 2.297852 1.069745 0.8864632 2.30963 1.22061 0.8895426 2.311533 1.466433 0.8993845 2.319759 1.544436 0.9002438 2.325969 1.411473 0.9360352 2.290006 1.414736 0.8614855 2.373817 1.391465 1.033574 2.245815 1.403941 0.7608161 2.391819 1.151293 1.073801 2.159615 1.177759 0.7286272 2.484681 0.9338188 1.044397 2.123555 0.9435759 0.703311 2.208788 4.55603E-06 0.8889036 2.642028 0.08426457 0.5710073 0 0 0 0 0 0 0 0 0 2.495712 0.9329066 1.023444 2.513337 0.9095305 0.9962544 2.524982 0.8778437 0.9783354 2.537899 0.8785238 1.026434 2.560732 0.8497859 1.026242 2.569771 0.8327228 1.021091 2.531426 0.8689813 1.046258 2.550194 0.8331502 1.044083 2.555614 0.8119966 1.036613 0 0 0 0 0 0 0 0 0 0 0 0 0 0 0 0 0 0 2.141387 0.9280968 0.705307 2.152313 0.8899392 0.7098851 2.149544 0.8522507 0.7156005 2.118978 0.8694154 0.6770139 2.108635 0.8363664 0.664845 2.104935 0.8167285 0.6650476 2.096875 0.8743768 0.6734433 2.081354 0.8377815 0.6656494 2.074947 0.8159731 0.6696467 0 0 0 0 0 0 0 0 0 0 0 0 0 0 0 0 0 0 0 0 0 0 0 0
134 2.625697 0.9541399 0.7978921 2.672702 0.9523031 0.8686609 2.578691 0.9559765 0.7271233 2.727809 0.5361317 0.8423347 2.74341 0.5861885 0.6119223 2.45332 0.1750762 1.01702 2.729825 0.1014192 0.6483383 2.622782 1.063559 0.8026676 2.631793 1.213982 0.7885199 2.629054 1.459857 0.780333 2.635714 1.537749 0.7738967 2.652074 1.407968 0.8170733 2.601701 1.405219 0.7513723 2.718147 1.393856 0.9044743 2.533828 1.383622 0.6669302 2.764381 1.159442 0.9548454 2.434031 1.161717 0.6875196 2.849437 0.9370582 0.9451561 2.38702 0.9281393 0.6837182 2.492861 0.01862151 1.005832 2.821098 0.00629881 0.5545936 0 0 0 0 0 0 0 0 0 2.861058 0.9337378 0.9247727 2.875694 0.9059836 0.9000378 2.884307 0.8720372 0.8847342 2.900224 0.8778222 0.9340219 2.919905 0.8472733 0.9391928 2.927633 0.8289251 0.9374619 2.892641 0.8704166 0.9543591 2.908672 0.8332881 0.9566679 2.912477 0.8111312 0.9514494 0 0 0 0 0 0 0 0 0 0 0 0 0 0 0 0 0 0 2.403642 0.9118823 0.6791377 2.41629 0.8740628 0.6816015 2.417411 0.8372369 0.6917667 2.370462 0.8517947 0.6732492 2.355473 0.8183072 0.6743612 2.352832 0.7995316 0.6806755 2.349342 0.8577229 0.6799374 2.333036 0.8213108 0.686945 2.330932 0.8011293 0.6979413 0 0 0 0 0 0 0 0 0 0 0 0 0 0 0 0 0 0 0 0 0 0 0 0
135 2.728565 0.9916717 0.5218754 2.781098 0.9910974 0.5886669 2.676031 0.9922462 0.4550848 2.860654 0.5854192 0.5110426 2.73541 0.5772076 0.3988733 2.726217 0.1312785 0.6201549 2.657039 0.1007999 0.4750581 2.723645 1.101017 0.5266857 2.734325 1.251874 0.5206299 2.735279 1.497883 0.5234737 2.739666 1.576027 0.5182576 2.758191 1.444062 0.5573936 2.706517 1.44501 0.49266 2.822671 1.421354 0.6441712 2.636355 1.420918 0.4108033 2.8397 1.183023 0.6945028 2.572302 1.186101 0.3912287 2.867701 0.9472682 0.7149591 2.576049 0.9530508 0.3416634 2.833723 0.01484575 0.5877128 2.739523 0.002374552 0.3766937 0 0 0 0 0 0 0 0 0 2.877628 0.9364033 0.6963849 2.884865 0.9019635 0.6774683 2.883218 0.8646947 0.669157 2.89522 0.8734834 0.7182407 2.901063 0.8386919 0.7283754 2.899892 0.818742 0.7283134 2.885416 0.8730921 0.7389698 2.887521 0.8337812 0.7485123 2.883422 0.8110999 0.7473316 0 0 0 0 0 0 0 0 0 0 0 0 0 0 0 0 0 0 2.596727 0.9445907 0.3337646 2.620414 0.9133071 0.326241 2.631451 0.8767388 0.3275361 2.584086 0.8804086 0.3121548 2.579476 0.8447876 0.3045912 2.582847 0.8251588 0.3062406 2.562528 0.87746 0.3193998 2.558446 0.8372544 0.3166246 2.562837 0.8152274 0.3219309 0 0 0 0 0 0 0 0 0 0 0 0 0 0 0 0 0 0 0 0 0 0 0 0
136 2.778052 0.9945523 0.4787636 2.836812 0.9941127 0.5401487 2.719291 0.9949919 0.4173784 2.868437 0.5793158 0.4576283 2.734752 0.5866285 0.3098621 2.766031 0.1006648 0.4810734 2.665762 0.1085316 0.381012 2.77591 1.104056 0.4815974 2.803993 1.252773 0.4798384 2.820837 1.498212 0.4821291 2.827578 1.57615 0.476366 2.846062 1.442744 0.5114412 2.783751 1.447527 0.4570713 2.922037 1.413717 0.5862002 2.697625 1.428186 0.3906488 2.92042 1.176054 0.6422224 2.620847 1.196907 0.375155 2.922304 0.9403915 0.6774721 2.617241 0.9668704 0.3130813 2.897001 0.01057556 0.451117 2.641047 0.01720741 0.2498031 0 0 0 0 0 0 0 0 0 2.927657 0.9272315 0.6585064 2.926619 0.8915408 0.6405783 2.91776 0.8548868 0.6343508 2.936573 0.862994 0.6817474 2.936833 0.8282034 0.6934452 2.931779 0.8089189 0.6948404 2.929634 0.86515 0.7034998 2.926338 0.8264582 0.7150278 2.918442 0.804785 0.7157745 0 0 0 0 0 0 0 0 0 0 0 0 0 0 0 0 0 0 2.63545 0.9601253 0.2994976 2.657383 0.9309204 0.2833004 2.669118 0.8948684 0.2784724 2.619179 0.8976678 0.2754045 2.613282 0.8625587 0.2664676 2.617322 0.8429996 0.2657671 2.600203 0.8930833 0.2874379 2.596375 0.8531227 0.2820201 2.60248 0.8309583 0.2840476 0 0 0 0 0 0 0 0 0 0 0 0 0 0 0 0 0 0 0 0 0 0 0 0
137 2.81161 0.9972148 0.4658108 2.8889 0.9971051 0.5011263 2.734318 0.9973246 0.4304943 2.913767 0.5792132 0.4329281 2.733722 0.5826709 0.3485689 2.877482 0.09905352 0.5241537 2.700837 0.1089718 0.4627924 2.809108 1.106594 0.4716249 2.823987 1.256874 0.4614778 2.830799 1.502806 0.4615531 2.833709 1.581043 0.4567127 2.867013 1.448441 0.479023 2.789244 1.450604 0.4505835 2.965233 1.421763 0.5219746 2.686479 1.423782 0.4201894 2.993053 1.183332 0.5667133 2.615755 1.192163 0.4514217 3.018128 0.947355 0.5883694 2.581155 0.9581363 0.4228315 2.968232 0.0009837374 0.4329753 2.667973 0.004467569 0.3437729 0 0 0 0 0 0 0 0 0 3.018747 0.9360039 0.5675774 3.016608 0.9009587 0.5485096 3.010711 0.8636318 0.5427923 3.04143 0.8724006 0.5812225 3.053562 0.8393301 0.5915399 3.055604 0.8197384 0.5949116 3.041388 0.872507 0.6041555 3.051154 0.8346726 0.6148324 3.051823 0.8119099 0.6185818 0 0 0 0 0 0 0 0 0 0 0 0 0 0 0 0 0 0 2.591598 0.9479079 0.40418 2.604515 0.914666 0.3861666 2.613465 0.8775507 0.384408 2.568032 0.8832018 0.4022188 2.556916 0.8482435 0.4035134 2.558316 0.8283418 0.4046712 2.556522 0.882077 0.4220233 2.548797 0.8425454 0.4263153 2.55275 0.8200191 0.4294071 0 0 0 0 0 0 0 0 0 0 0 0 0 0 0 0 0 0 0 0 0 0 0 0
138 2.790713 1.00028 0.4449835 2.872267 1.000112 0.4688568 2.709158 1.000449 0.4211092 2.89594 0.5783132 0.4190693 2.713351 0.5809856 0.3573222 2.915975 0.09835692 0.5231628 2.692193 0.1022564 0.460958 2.788978 1.109623 0.4516792 2.793194 1.260524 0.4407396 2.792086 1.506529 0.4438386 2.794301 1.584918 0.4420633 2.831782 1.453211 0.456234 2.751244 1.453092 0.436862 2.934837 1.428498 0.4874201 2.647807 1.420122 0.4164314 2.977698 1.1902 0.5190725 2.592905 1.187515 0.4664774 3.013753 0.9547159 0.5245714 2.563432 0.951185 0.4585838 2.969378 -0.0009138957 0.4071455 2.668989 0.001100026 0.3368788 0 0 0 0 0 0 0 0 0 3.01247 0.9451311 0.5029373 3.008808 0.911388 0.4818583 3.002565 0.8744609 0.4742308 3.036279 0.8807815 0.5091267 3.05206 0.8486257 0.5171423 3.057134 0.8295152 0.5200453 3.038329 0.8789874 0.531898 3.05226 0.8418358 0.5400534 3.056957 0.8194913 0.543416 0 0 0 0 0 0 0 0 0 0 0 0 0 0 0 0 0 0 2.572161 0.9391357 0.4401398 2.585483 0.9045416 0.4252367 2.597419 0.8683137 0.42765 2.554665 0.8732898 0.4503531 2.546211 0.8384129 0.4580622 2.548861 0.8189548 0.4617672 2.546095 0.8742282 0.4716039 2.541774 0.8354858 0.4826131 2.547249 0.8138183 0.4883728 0 0 0 0 0 0 0 0 0 0 0 0 0 0 0 0 0 0 0 0 0 0 0 0
139 2.815815 0.9998479 0.4459753 2.898409 0.999715 0.4659586 2.733221 0.9999807 0.425992 2.914471 0.5776666 0.4155426 2.731407 0.5795671 0.3649378 2.919998 0.09724375 0.5190787 2.70612 0.09932777 0.4633861 2.814247 1.109161 0.4531856 2.816041 1.260153 0.4428539 2.811983 1.506108 0.4471779 2.812919 1.584534 0.4459848 2.852726 1.453238 0.4579973 2.771599 1.452193 0.4412956 2.956835 1.429064 0.4859362 2.667796 1.418444 0.4242764 3.004421 1.191327 0.5149455 2.618742 1.184315 0.4732885 3.043067 0.9562065 0.5121431 2.591701 0.9475972 0.4692612 2.977918 -0.001408257 0.4047122 2.67474 -0.000715889 0.3402061 0 0 0 0 0 0 0 0 0 3.040813 0.9472251 0.4903297 3.036267 0.9142265 0.4682674 3.0297 0.8775013 0.4599667 3.064933 0.8827783 0.4936371 3.08015 0.8499923 0.5000253 3.084384 0.8305629 0.5020103 3.068013 0.8803553 0.5162334 3.081175 0.8426197 0.5228367 3.084772 0.8199511 0.5252523 0 0 0 0 0 0 0 0 0 0 0 0 0 0 0 0 0 0 2.600056 0.935717 0.4505367 2.612969 0.9012849 0.4349155 2.624616 0.8649094 0.4362998 2.581655 0.8699877 0.4598722 2.574293 0.8348253 0.4674034 2.57799 0.815493 0.4708633 2.573317 0.8707119 0.4812241 2.570029 0.8317885 0.4919481 2.576747 0.8103805 0.4973507 0 0 0 0 0 0 0 0 0 0 0 0 0 0 0 0 0 0 0 0 0 0 0 0
140 2.839969 0.9995634 0.4513769 2.92271 0.9997891 0.4707422 2.757229 0.9993376 0.4320097 2.930059 0.5779583 0.4175425 2.745305 0.5815923 0.3601122 2.916433 0.09732457 0.5186844 2.705322 0.1033194 0.4588141 2.838008 1.108877 0.4584799 2.839777 1.25984 0.4477272 2.836534 1.505805 0.4521441 2.835485 1.584207 0.4498882 2.877126 1.452799 0.4628572 2.79596 1.452025 0.4463315 2.981089 1.428024 0.4908161 2.691561 1.419556 0.4305129 3.028314 1.190167 0.5194302 2.642982 1.184545 0.4756193 3.067213 0.9550869 0.5167923 2.614592 0.9479524 0.4745922 2.976339 -0.001076974 0.405128 2.674191 -0.000469245 0.3387079 0 0 0 0 0 0 0 0 0 3.065038 0.9458687 0.4950705 3.060715 0.912707 0.4732084 3.054403 0.8758652 0.4652338 3.089723 0.8816724 0.4990201 3.10445 0.8487346 0.5057631 3.108097 0.8291978 0.5078602 3.092824 0.8795022 0.5216384 3.10544 0.8416688 0.5287294 3.108297 0.8189129 0.5313091 0 0 0 0 0 0 0 0 0 0 0 0 0 0 0 0 0 0 2.622772 0.9363998 0.4555874 2.635326 0.9022774 0.4390221 2.646523 0.8657357 0.4393139 2.603217 0.8707878 0.4632549 2.596613 0.8353451 0.470149 2.601181 0.8161312 0.4732046 2.594855 0.8711239 0.4846077 2.59232 0.8319674 0.4946671 2.600112 0.8108124 0.4996047 0 0 0 0 0 0 0 0 0 0 0 0 0 0 0 0 0 0 0 0 0 0 0 0
141 2.858102 1.000577 0.456893 2.940558 1.000886 0.4774351 2.775645 1.000268 0.4363499 2.940931 0.5791702 0.4221964 2.763104 0.5843214 0.3575649 2.912938 0.0981141 0.5187345 2.697618 0.1088449 0.4530778 2.856006 1.10991 0.4636602 2.859524 1.260825 0.4526758 2.859465 1.506828 0.4561272 2.862325 1.585144 0.4527516 2.899239 1.453337 0.4674835 2.818254 1.453561 0.4500742 3.002541 1.427227 0.4966497 2.713022 1.423943 0.4341831 3.047045 1.188961 0.5262098 2.66015 1.188727 0.4729481 3.083183 0.9534258 0.5263224 2.626782 0.9527828 0.472888 2.971679 -0.0001085177 0.4044175 2.671948 0.003033303 0.333446 0 0 0 0 0 0 0 0 0 3.080811 0.943993 0.5047131 3.075335 0.9107675 0.4832091 3.067649 0.874107 0.4756136 3.103026 0.8789744 0.5097246 3.115973 0.8454366 0.5171337 3.11844 0.8257513 0.519537 3.105888 0.8770055 0.5323935 3.116528 0.8387133 0.540225 3.118 0.8158672 0.5431452 0 0 0 0 0 0 0 0 0 0 0 0 0 0 0 0 0 0 2.635246 0.9416843 0.4537373 2.647733 0.9080366 0.4361801 2.658175 0.8712813 0.4353075 2.613579 0.8764508 0.4583483 2.60857 0.8405874 0.4643497 2.614966 0.8218538 0.4670935 2.604536 0.8762659 0.4794226 2.603535 0.8368123 0.4885473 2.613529 0.8165094 0.4930806 0 0 0 0 0 0 0 0 0 0 0 0 0 0 0 0 0 0 0 0 0 0 0 0
142 2.864755 1.001554 0.461875 2.94671 1.001651 0.4843359 2.782801 1.001458 0.4394135 2.946042 0.5804901 0.4259543 2.76217 0.5848086 0.3627181 2.910834 0.09951904 0.5197496 2.689434 0.107949 0.4493699 2.86301 1.110943 0.4677711 2.869042 1.261674 0.4554257 2.873497 1.507654 0.4572606 2.878265 1.585808 0.4525638 2.911911 1.453515 0.4701328 2.83149 1.455119 0.4503469 3.013844 1.425881 0.5025301 2.725931 1.428164 0.4320574 3.053305 1.186966 0.5339508 2.667406 1.193662 0.4668198 3.085172 0.9508381 0.5372415 2.628167 0.9586248 0.4677181 2.968008 0.0008434728 0.4050288 2.668987 0.005060427 0.3262329 0 0 0 0 0 0 0 0 0 3.083251 0.9411617 0.515696 3.077693 0.9079393 0.4942083 3.069483 0.8713838 0.4866552 3.104183 0.8758467 0.522171 3.11428 0.8414174 0.5299139 3.114438 0.8215543 0.5321074 3.106364 0.8741297 0.5449352 3.113912 0.8351876 0.5531425 3.11254 0.8122991 0.5557652 0 0 0 0 0 0 0 0 0 0 0 0 0 0 0 0 0 0 2.636911 0.947409 0.4487629 2.649381 0.9137885 0.4311423 2.659017 0.8768187 0.4300737 2.612864 0.8829293 0.451961 2.610632 0.8468703 0.4584475 2.619798 0.8294032 0.4616499 2.603086 0.8828716 0.4727049 2.604811 0.8435435 0.4822526 2.618068 0.8252767 0.487072 0 0 0 0 0 0 0 0 0 0 0 0 0 0 0 0 0 0 0 0 0 0 0 0
144 2.831099 0.9925031 0.4584384 2.915975 0.991096 0.4545236 2.746223 0.9939103 0.4623542 2.900437 0.5724236 0.3924713 2.736809 0.5792841 0.3758736 2.931828 0.0978066 0.5075588 2.703307 0.09923708 0.4656687 2.833295 1.101725 0.4667807 2.840246 1.25158 0.4466939 2.849652 1.497385 0.4421263 2.848422 1.575184 0.4321885 2.88912 1.442482 0.4416747 2.806932 1.445808 0.4514632 2.995826 1.414542 0.4356146 2.700703 1.421582 0.4696846 3.043976 1.175606 0.4503069 2.64556 1.19363 0.537674 3.071663 0.9390374 0.4431124 2.59622 0.9605189 0.5404234 2.861982 0.01617267 0.3866277 2.64729 0.001635768 0.3494663 0 0 0 0 0 0 0 0 0 3.060663 0.9287338 0.4248257 3.045277 0.8956504 0.4085441 3.033179 0.8595026 0.4057627 3.080876 0.8628743 0.4250417 3.087553 0.8269476 0.4285021 3.083775 0.8074699 0.4308929 3.092362 0.8618307 0.4448643 3.096455 0.8218266 0.4497385 3.090259 0.7998574 0.4531441 0 0 0 0 0 0 0 0 0 0 0 0 0 0 0 0 0 0 2.597199 0.9494256 0.5195055 2.598944 0.9154943 0.4984827 2.603251 0.8777809 0.4940214 2.569131 0.8873109 0.5295105 2.559597 0.8524472 0.5359068 2.56247 0.8326766 0.5364089 2.566625 0.8872017 0.5523062 2.561104 0.8477997 0.5599113 2.567373 0.8256081 0.5608392 0 0 0 0 0 0 0 0 0 0 0 0 0 0 0 0 0 0 0 0 0 0 0 0
145 2.760951 0.9941221 0.517354 2.832891 0.9892583 0.4723854 2.689011 0.9989857 0.5623245 2.777996 0.5691282 0.4332962 2.590182 0.5941321 0.4795141 2.794753 0.08674582 0.5268407 2.571326 0.1054452 0.522644 2.763238 1.103356 0.5091991 2.761055 1.243833 0.4528995 2.755548 1.487113 0.4166498 2.752012 1.56539 0.4130225 2.789071 1.43124 0.3985763 2.729218 1.438352 0.4553971 2.867901 1.402835 0.3265848 2.657069 1.422429 0.5375233 2.921691 1.1649 0.3374662 2.642281 1.203626 0.6449075 2.953537 0.9289271 0.3467245 2.59071 0.9753596 0.6898289 2.707904 0.002230547 0.4196901 2.454192 0.02813529 0.4422097 0 0 0 0 0 0 0 0 0 2.933528 0.9168387 0.3428402 2.913218 0.8825843 0.3460789 2.904909 0.8468578 0.3568182 2.952073 0.8508062 0.33637 2.961451 0.8153684 0.3382435 2.961648 0.796501 0.3448281 2.974203 0.8518186 0.3422985 2.982993 0.8126141 0.3474541 2.982341 0.7914951 0.3567395 0 0 0 0 0 0 0 0 0 0 0 0 0 0 0 0 0 0 2.577943 0.9645573 0.6730394 2.563925 0.9309416 0.6566138 2.561671 0.8930726 0.6519651 2.556903 0.9049565 0.7004461 2.55049 0.8709522 0.7126899 2.551517 0.8510018 0.7121406 2.568719 0.9047019 0.7200999 2.56586 0.8658103 0.7310591 2.569643 0.8431469 0.7288914 0 0 0 0 0 0 0 0 0 0 0 0 0 0 0 0 0 0 0 0 0 0 0 0
146 2.734712 0.961593 0.5407276 2.739883 0.96301 0.4559193 2.729541 0.9601761 0.625535 2.609816 0.5638791 0.4180522 2.538666 0.5874301 0.6649714 2.68632 0.08495393 0.4624515 2.811283 0.1850636 0.6636167 2.730706 1.07107 0.5423126 2.699996 1.218182 0.5243311 2.675375 1.462896 0.5181341 2.667403 1.540928 0.5187554 2.681515 1.408873 0.4779339 2.686817 1.411499 0.5605569 2.67663 1.388793 0.3694134 2.702115 1.398027 0.6691298 2.7187 1.153566 0.3191833 2.753541 1.171425 0.744175 2.732178 0.9177593 0.2876191 2.726363 0.9417084 0.8014002 2.557253 -0.004801132 0.4243402 2.762981 0.03290375 0.689714 0 0 0 0 0 0 0 0 0 2.715344 0.9054554 0.2988791 2.702314 0.8700135 0.3119345 2.701905 0.8325121 0.3192987 2.712611 0.844018 0.2678294 2.715781 0.8092941 0.256362 2.719231 0.7897993 0.2590857 2.730836 0.845248 0.253962 2.73704 0.8061405 0.2454219 2.74255 0.7844364 0.251009 0 0 0 0 0 0 0 0 0 0 0 0 0 0 0 0 0 0 2.704227 0.9342182 0.7974658 2.679871 0.9028777 0.7928982 2.670021 0.8660827 0.7897615 2.697343 0.8755536 0.8329225 2.69376 0.8424712 0.8484149 2.690315 0.8228425 0.8499064 2.718923 0.871985 0.8398156 2.717721 0.8333336 0.8518763 2.715494 0.8104627 0.8497314 0 0 0 0 0 0 0 0 0 0 0 0 0 0 0 0 0 0 0 0 0 0 0 0
147 2.672402 0.9807354 0.6475153 2.626642 0.9849013 0.5760322 2.718161 0.9765694 0.7189989 2.579811 0.5648945 0.5853624 2.56375 0.6000012 0.8252134 2.712965 0.1022659 0.5028286 2.598037 0.1238765 0.7338343 2.679419 1.090056 0.6493945 2.672381 1.241057 0.6569767 2.677903 1.487015 0.6588836 2.675103 1.565135 0.6653852 2.654517 1.434464 0.6233339 2.704444 1.432831 0.6894116 2.586058 1.420617 0.5377455 2.77006 1.41424 0.7763157 2.527942 1.189611 0.4840484 2.862741 1.18837 0.7720871 2.449238 0.9647612 0.4784498 2.880046 0.9522462 0.7990932 2.599583 -0.006009199 0.5426741 2.518873 0.01695254 0.825851 0 0 0 0 0 0 0 0 0 2.439396 0.9571956 0.4986353 2.425362 0.9254243 0.518383 2.416992 0.8890373 0.5265493 2.399292 0.9038656 0.4814987 2.378054 0.8750474 0.4733887 2.370062 0.8567334 0.4730792 2.405059 0.9008726 0.4595056 2.387912 0.8652815 0.4505577 2.3833 0.8426679 0.4505877 0 0 0 0 0 0 0 0 0 0 0 0 0 0 0 0 0 0 2.860403 0.9393733 0.802259 2.843008 0.9034339 0.8037004 2.838931 0.8656973 0.7992191 2.88153 0.8768954 0.8221655 2.890324 0.8422478 0.8305035 2.890974 0.8223377 0.8289099 2.904191 0.878713 0.8191509 2.91554 0.839905 0.8215971 2.917022 0.8176953 0.8155003 0 0 0 0 0 0 0 0 0 0 0 0 0 0 0 0 0 0 0 0 0 0 0 0
148 2.48764 0.9435617 0.8161254 2.441338 0.9445541 0.7448769 2.533942 0.9425692 0.887373 2.457119 0.5242125 0.7387028 2.331966 0.602732 1.032693 2.707238 0.135442 0.5884385 2.288192 0.1185658 1.055491 2.491862 1.053035 0.8149061 2.479218 1.203456 0.8259559 2.475052 1.449141 0.8382425 2.464815 1.526387 0.8472538 2.453677 1.397254 0.8005176 2.503772 1.394807 0.8664427 2.387514 1.384846 0.7129269 2.571028 1.377867 0.9524269 2.340961 1.150501 0.6625285 2.689303 1.167614 0.9146118 2.233552 0.9393804 0.6884928 2.763967 0.9423956 0.8925934 2.629848 0.004474662 0.6434398 2.169871 0.06149914 1.149886 0 0 0 0 0 0 0 0 0 2.223245 0.9398845 0.7098255 2.208712 0.9165446 0.7388144 2.198108 0.8859385 0.7591023 2.17636 0.8894082 0.709568 2.151429 0.8624835 0.7086797 2.140408 0.8461969 0.7122355 2.181251 0.8789206 0.6897683 2.159362 0.8449917 0.6930203 2.152536 0.8245235 0.7012115 0 0 0 0 0 0 0 0 0 0 0 0 0 0 0 0 0 0 2.750196 0.9232296 0.8947382 2.743786 0.8846568 0.8865294 2.747577 0.8494096 0.8722467 2.792814 0.8691085 0.8956118 2.813293 0.8388061 0.8925014 2.819638 0.8213334 0.8851652 2.812795 0.8791205 0.8904686 2.835474 0.8467682 0.8815327 2.841676 0.8282018 0.8693075 0 0 0 0 0 0 0 0 0 0 0 0 0 0 0 0 0 0 0 0 0 0 0 0
149 2.166808 0.9872839 0.9681215 2.116647 0.9847911 0.8995743 2.216969 0.9897767 1.036669 1.997104 0.5882438 0.9729757 2.154987 0.5750114 1.091484 2.180541 0.154508 0.8527889 2.251706 0.0990838 1.037069 2.170409 1.096587 0.9615116 2.163607 1.247577 0.9695148 2.169223 1.493529 0.9719186 2.163941 1.571708 0.9755173 2.14689 1.441041 0.935607 2.194794 1.439287 1.003162 2.086813 1.418943 0.8455729 2.259492 1.416127 1.089657 2.088138 1.184827 0.7761989 2.299917 1.178296 1.127434 2.047153 0.9504831 0.7625685 2.310034 0.9436152 1.167505 2.095765 0.02029302 0.883872 2.161997 -0.002001859 1.125956 0 0 0 0 0 0 0 0 0 2.034832 0.9408295 0.7803607 2.023376 0.9080596 0.8001404 2.023601 0.8710071 0.8095117 2.018984 0.8769116 0.7601266 2.013505 0.8414639 0.7523322 2.014613 0.8216909 0.755012 2.031254 0.8752035 0.7408271 2.030728 0.8352152 0.7343874 2.035408 0.8130533 0.7388148 0 0 0 0 0 0 0 0 0 0 0 0 0 0 0 0 0 0 2.289386 0.9326584 1.171401 2.269297 0.8981677 1.173182 2.262222 0.8607389 1.170054 2.30519 0.8707929 1.197266 2.312835 0.8361697 1.206758 2.31283 0.816217 1.205633 2.327963 0.8705521 1.194574 2.336532 0.8314046 1.200482 2.33663 0.808686 1.196422 0 0 0 0 0 0 0 0 0 0 0 0 0 0 0 0 0 0 0 0 0 0 0 0
150 2.227937 0.9973424 0.9077787 2.192469 0.9955868 0.8305774 2.263405 0.9990979 0.9849806 2.080148 0.5884153 0.8424201 2.218365 0.5761545 0.9869804 2.15433 0.1085921 0.7909837 2.311639 0.09871347 0.9170394 2.23202 1.106741 0.9034152 2.22188 1.257097 0.91751 2.220673 1.503003 0.9251471 2.213713 1.581097 0.927547 2.207941 1.450854 0.8840284 2.24033 1.448647 0.9602365 2.170336 1.429211 0.7824359 2.287374 1.421721 1.056495 2.18287 1.195847 0.7116632 2.335138 1.183786 1.083522 2.149194 0.9615948 0.6838279 2.345194 0.9472263 1.11038 2.026976 0.01107904 0.8119316 2.225968 0.0007106885 1.013075 0 0 0 0 0 0 0 0 0 2.132708 0.951847 0.6977835 2.117164 0.9188791 0.7141485 2.115143 0.8820016 0.7239838 2.12407 0.8874139 0.674983 2.122267 0.8521926 0.6648102 2.123165 0.8322853 0.6663165 2.14112 0.885788 0.6597328 2.142567 0.8460165 0.652185 2.145743 0.8235 0.6561294 0 0 0 0 0 0 0 0 0 0 0 0 0 0 0 0 0 0 2.324304 0.9361075 1.11161 2.303658 0.9019929 1.109107 2.296858 0.8650867 1.101864 2.338185 0.8715044 1.1311 2.345974 0.8362407 1.137667 2.346631 0.8164657 1.134858 2.361087 0.8713401 1.129903 2.369554 0.8318323 1.132783 2.370286 0.8095021 1.126999 0 0 0 0 0 0 0 0 0 0 0 0 0 0 0 0 0 0 0 0 0 0 0 0
151 2.227315 0.9988065 0.9565716 2.204998 0.9979047 0.8745818 2.249631 0.9997081 1.038561 2.091424 0.5908974 0.8541317 2.199527 0.5775058 1.036251 2.161073 0.1097809 0.8028903 2.294012 0.09991171 0.9704676 2.23251 1.108214 0.9539542 2.216511 1.258155 0.9669929 2.212164 1.504055 0.9736061 2.205725 1.582227 0.9743085 2.20683 1.45174 0.931098 2.226146 1.449915 1.011628 2.188364 1.429256 0.8245287 2.257229 1.419976 1.11332 2.210177 1.194301 0.7617173 2.313018 1.184095 1.142866 2.189682 0.9593343 0.7277522 2.328588 0.9476931 1.168449 2.034245 0.01334449 0.7749391 2.205248 0.001520716 1.063242 0 0 0 0 0 0 0 0 0 2.170353 0.949495 0.7372994 2.151488 0.9160503 0.7483397 2.146857 0.8788842 0.7559552 2.166049 0.8861161 0.7106409 2.166322 0.8524281 0.6960697 2.166637 0.832545 0.6940856 2.186046 0.8846234 0.6995125 2.187924 0.8460332 0.6873436 2.189319 0.8229992 0.6869831 0 0 0 0 0 0 0 0 0 0 0 0 0 0 0 0 0 0 2.308164 0.9357306 1.167295 2.28937 0.9009342 1.161609 2.285858 0.8641487 1.15185 2.323186 0.8706462 1.184161 2.33273 0.8358545 1.190926 2.33507 0.8161918 1.188228 2.346095 0.871429 1.184873 2.356659 0.8324209 1.187631 2.359519 0.8102081 1.182059 0 0 0 0 0 0 0 0 0 0 0 0 0 0 0 0 0 0 0 0 0 0 0 0
157 2.243726 0.9919211 0.9234819 2.25524 0.9954484 0.8393621 2.232212 0.9883937 1.007601 2.14176 0.5882491 0.7975802 2.172729 0.5689041 0.9779987 2.180429 0.0999948 0.7657213 2.274816 0.08901647 0.9668775 2.241145 1.10137 0.9277182 2.196453 1.244741 0.9465814 2.168736 1.489019 0.9560285 2.162271 1.567163 0.9538522 2.190279 1.43931 0.9155664 2.16581 1.433482 0.9944901 2.2296 1.421365 0.8139029 2.137175 1.405493 1.097448 2.313083 1.198758 0.758214 2.164868 1.167525 1.144664 2.326883 0.9687803 0.6973639 2.180683 0.9312022 1.170827 2.051358 0.009070344 0.7305069 2.14731 0.004456901 0.9143538 0 0 0 0 0 0 0 0 0 2.306085 0.9580233 0.6937203 2.284883 0.9244351 0.6894011 2.279438 0.8866204 0.6904726 2.320796 0.8975115 0.664258 2.328647 0.8631645 0.6539664 2.328466 0.8432526 0.6556578 2.343654 0.8971443 0.6660676 2.351905 0.8580078 0.6596565 2.351485 0.83547 0.664608 0 0 0 0 0 0 0 0 0 0 0 0 0 0 0 0 0 0 2.167418 0.919401 1.155132 2.159805 0.8853102 1.135737 2.164499 0.8494871 1.12327 2.169282 0.8532971 1.174443 2.174695 0.8177329 1.181737 2.180178 0.7987518 1.178733 2.185129 0.8539659 1.191007 2.193061 0.8145847 1.196206 2.200461 0.7933144 1.19116 0 0 0 0 0 0 0 0 0 0 0 0 0 0 0 0 0 0 0 0 0 0 0 0
158 2.317075 0.9839604 0.9714675 2.389207 0.9883909 0.9267635 2.244942 0.97953 1.016171 2.385345 0.5995637 0.7653661 2.190103 0.5681713 0.9448819 2.438859 0.1210894 0.8350029 2.334077 0.1095324 1.020024 2.308386 1.09313 0.9682674 2.264628 1.236006 0.9441772 2.23836 1.479694 0.9228334 2.235662 1.557795 0.9160681 2.28431 1.430351 0.9177217 2.205922 1.424183 0.9437752 2.391507 1.417216 0.8944864 2.104711 1.397008 0.9787273 2.500424 1.201562 0.9299178 2.084942 1.159462 1.031698 2.579692 0.977668 0.910655 2.078461 0.9217228 1.046562 2.484529 0.02541252 0.7128267 2.23438 0.00908377 0.9416838 0 0 0 0 0 0 0 0 0 2.57282 0.9660008 0.8912072 2.56796 0.9312953 0.8720183 2.567239 0.8932266 0.8686996 2.611047 0.9087388 0.8887959 2.627363 0.8758773 0.8898907 2.628237 0.8559235 0.8905687 2.62158 0.909583 0.9091501 2.635284 0.871668 0.9130812 2.633386 0.8487982 0.9155331 0 0 0 0 0 0 0 0 0 0 0 0 0 0 0 0 0 0 2.083065 0.9109344 1.025971 2.092093 0.8772522 1.006469 2.101777 0.840713 1.000825 2.061192 0.8460008 1.033136 2.053865 0.8104642 1.038682 2.05703 0.790775 1.039985 2.056125 0.8454751 1.055496 2.051726 0.8058187 1.062487 2.057646 0.7836039 1.064511 0 0 0 0 0 0 0 0 0 0 0 0 0 0 0 0 0 0 0 0 0 0 0 0
159 2.357145 0.9680014 0.9090462 2.438835 0.968375 0.9324498 2.275455 0.9676276 0.8856425 2.428235 0.5644267 0.8144379 2.277759 0.5960757 0.6884828 2.320955 0.1035575 0.9270964 2.228159 0.1501285 0.8752747 2.355055 1.077403 0.9145927 2.360346 1.228257 0.9034915 2.370573 1.474036 0.907712 2.377554 1.552029 0.9031034 2.40634 1.418885 0.9235668 2.328104 1.422603 0.8966036 2.507289 1.395698 0.9619746 2.224722 1.410148 0.8597174 2.541112 1.158656 1.009849 2.150702 1.177467 0.8620653 2.58613 0.9292954 0.9634829 2.113738 0.9438079 0.8334255 2.39571 0.002058588 0.8257251 2.173753 0.03375366 0.7769709 0 0 0 0 0 0 0 0 0 2.58432 0.9237455 0.940516 2.582249 0.8951219 0.9127178 2.578782 0.8597477 0.8986683 2.614603 0.8622901 0.9332867 2.627712 0.8284652 0.9276905 2.627811 0.8092782 0.9221029 2.618351 0.8565947 0.955183 2.626896 0.8171455 0.9517837 2.623072 0.7948524 0.947197 0 0 0 0 0 0 0 0 0 0 0 0 0 0 0 0 0 0 2.128733 0.9326742 0.818841 2.142373 0.8976663 0.8052492 2.146796 0.8598364 0.802073 2.09684 0.8748647 0.7991686 2.082583 0.8421783 0.7904696 2.081341 0.8222946 0.7889013 2.078419 0.8751003 0.8128271 2.064154 0.8373912 0.808908 2.063781 0.814382 0.8106613 0 0 0 0 0 0 0 0 0 0 0 0 0 0 0 0 0 0 0 0 0 0 0 0
160 2.589712 0.9533287 0.5894051 2.659069 0.9553426 0.6384625 2.520354 0.9513147 0.5403471 2.640445 0.5345113 0.6305976 2.64487 0.6184532 0.31532 2.473573 0.1156165 0.814106 2.652742 0.1327333 0.2995701 2.584807 1.062753 0.5918465 2.594587 1.213473 0.5820265 2.59667 1.459427 0.5764246 2.60308 1.53711 0.5676394 2.629524 1.406391 0.6025019 2.559233 1.405988 0.5586767 2.721981 1.390172 0.6607451 2.466428 1.390017 0.5009203 2.772442 1.153196 0.6910853 2.374127 1.169982 0.5527859 2.848662 0.9359979 0.6294527 2.321019 0.9391273 0.5786419 2.537853 0.001787562 0.7188292 2.728094 0.08999085 0.1629624 0 0 0 0 0 0 0 0 0 2.849584 0.9351038 0.6057897 2.852234 0.9110848 0.5739717 2.853914 0.8794417 0.5526023 2.889443 0.8810996 0.5902691 2.910777 0.8524899 0.581686 2.917915 0.8353848 0.5742149 2.892245 0.8715748 0.6109419 2.909155 0.836148 0.6009512 2.911362 0.8150529 0.5918531 0 0 0 0 0 0 0 0 0 0 0 0 0 0 0 0 0 0 2.335069 0.9218729 0.5704904 2.345733 0.883382 0.5715184 2.34748 0.8466687 0.5819983 2.297758 0.8640206 0.5731506 2.281061 0.831574 0.577116 2.278217 0.8128048 0.5833621 2.279191 0.8712421 0.5845113 2.261951 0.8360307 0.594698 2.260258 0.8157015 0.6054916 0 0 0 0 0 0 0 0 0 0 0 0 0 0 0 0 0 0 0 0 0 0 0 0
161 2.736471 0.9780846 0.2726579 2.803807 0.9774365 0.3244891 2.669134 0.9787325 0.2208261 2.86304 0.5684923 0.2458487 2.745122 0.5825763 0.09854603 2.700754 0.1578361 0.4489379 2.702754 0.101527 0.1618133 2.733602 1.08749 0.2777534 2.739377 1.238162 0.2645955 2.737638 1.484178 0.2630796 2.742184 1.56234 0.2582817 2.769948 1.431234 0.2900085 2.702091 1.430461 0.2425065 2.857118 1.411145 0.3548288 2.611418 1.405847 0.1844025 2.905416 1.174815 0.3927765 2.534114 1.175951 0.2126341 2.961025 0.9432645 0.3841114 2.497972 0.9405822 0.203793 2.763122 0.01570643 0.4033728 2.743342 0.003949501 0.03934622 0 0 0 0 0 0 0 0 0 2.966476 0.9362944 0.3621283 2.971584 0.9052953 0.3374448 2.97183 0.8692532 0.3247299 2.997608 0.875185 0.3686485 3.011073 0.8412666 0.372591 3.013262 0.8214889 0.3707409 2.99435 0.87091 0.3909435 3.004131 0.8317561 0.3944283 3.002916 0.8088871 0.3915706 0 0 0 0 0 0 0 0 0 0 0 0 0 0 0 0 0 0 2.513344 0.9272046 0.1916976 2.52938 0.89138 0.1842289 2.536336 0.8541619 0.1894412 2.48595 0.8640363 0.1893544 2.476566 0.8287601 0.1932044 2.479682 0.8099119 0.19907 2.468091 0.8664234 0.2035418 2.460247 0.8277768 0.2128019 2.465818 0.8075688 0.2224584 0 0 0 0 0 0 0 0 0 0 0 0 0 0 0 0 0 0 0 0 0 0 0 0
162 2.721774 0.9971042 0.2204928 2.790572 0.9959763 0.2703581 2.652975 0.9982319 0.1706271 2.841434 0.5876684 0.1827521 2.685702 0.5810906 0.1029401 2.756538 0.1327067 0.3313732 2.622089 0.1019607 0.1820292 2.719125 1.106462 0.2266207 2.726867 1.257295 0.2167292 2.728907 1.5033 0.2193794 2.733251 1.581502 0.2150764 2.760668 1.449418 0.2450752 2.69233 1.450489 0.1982727 2.846384 1.425082 0.3103752 2.600802 1.424465 0.1421566 2.878901 1.1865 0.3509517 2.530748 1.191015 0.1569333 2.914338 0.9509829 0.3586102 2.503371 0.9554511 0.1336298 2.836262 0.01457658 0.254848 2.652995 0.00368651 0.0573144 0 0 0 0 0 0 0 0 0 2.919573 0.9412842 0.3376312 2.922015 0.9080259 0.3156261 2.91826 0.8712305 0.305994 2.941709 0.8774523 0.3511066 2.948239 0.8420177 0.3581095 2.945963 0.8221795 0.3573108 2.93708 0.8757946 0.373507 2.939994 0.8359208 0.3800206 2.934448 0.8135939 0.3781772 0 0 0 0 0 0 0 0 0 0 0 0 0 0 0 0 0 0 2.518888 0.9443408 0.1195817 2.536417 0.9104631 0.1076932 2.545137 0.8732948 0.1094894 2.495218 0.8800808 0.1120634 2.486557 0.8444155 0.1126099 2.489907 0.8250464 0.1162133 2.477981 0.8799112 0.1271892 2.471503 0.8402341 0.1321492 2.477291 0.8189287 0.1388731 0 0 0 0 0 0 0 0 0 0 0 0 0 0 0 0 0 0 0 0 0 0 0 0
163 2.733218 1.001773 0.1874971 2.80273 1.000632 0.2363644 2.663707 1.002915 0.1386318 2.838668 0.5823547 0.1781669 2.679782 0.5833932 0.07452965 2.784515 0.1048261 0.2723331 2.61636 0.1030756 0.1525259 2.730473 1.11111 0.1939564 2.742844 1.261697 0.1850729 2.749126 1.507629 0.1877737 2.754276 1.585809 0.1839905 2.780262 1.453199 0.2130752 2.711403 1.455463 0.1670871 2.865391 1.426315 0.2781439 2.618868 1.429384 0.1126738 2.886742 1.187057 0.3220139 2.549713 1.195386 0.1220465 2.909887 0.9506356 0.3407807 2.525297 0.9604402 0.09062672 2.87845 0.004560076 0.186954 2.646732 0.005952261 0.02678251 0 0 0 0 0 0 0 0 0 2.914693 0.9393851 0.3204851 2.915152 0.904842 0.3004127 2.908734 0.86799 0.2925706 2.930377 0.8745846 0.3378353 2.935654 0.839794 0.348278 2.933583 0.8199839 0.3499055 2.925069 0.8745638 0.3601456 2.927495 0.8354163 0.3702669 2.923224 0.8127673 0.3714609 0 0 0 0 0 0 0 0 0 0 0 0 0 0 0 0 0 0 2.540639 0.9504154 0.07560349 2.558872 0.9175598 0.06202412 2.568962 0.8807076 0.06295443 2.519879 0.885188 0.06782293 2.51075 0.8496435 0.06708241 2.513269 0.8299452 0.06931877 2.50344 0.8838407 0.08375549 2.496923 0.8439707 0.08671665 2.50169 0.8219044 0.09151125 0 0 0 0 0 0 0 0 0 0 0 0 0 0 0 0 0 0 0 0 0 0 0 0
164 2.727291 1.002662 0.1828671 2.799791 1.001778 0.2271852 2.654791 1.003545 0.1385489 2.846302 0.5839956 0.1699829 2.669161 0.585012 0.06926155 2.816539 0.1038028 0.2639027 2.62886 0.1040075 0.1562614 2.724958 1.112034 0.1888628 2.739113 1.262243 0.1768055 2.746265 1.508166 0.1763058 2.751312 1.586368 0.1728649 2.77934 1.453892 0.1993842 2.706745 1.455922 0.1595421 2.869552 1.426872 0.2571373 2.609902 1.428517 0.1139994 2.89319 1.188089 0.3024044 2.541861 1.195023 0.1358166 2.916848 0.9519756 0.3241625 2.512873 0.9596232 0.1128011 2.901612 0.002416581 0.170898 2.618635 0.008351274 0.02621508 0 0 0 0 0 0 0 0 0 2.920517 0.9404185 0.303803 2.920116 0.9053293 0.2847009 2.913574 0.8682411 0.2781863 2.937604 0.8759964 0.3212361 2.946018 0.8424215 0.3334522 2.946313 0.8227624 0.3370304 2.933623 0.8763142 0.3438196 2.939657 0.8381162 0.355875 2.938521 0.8153555 0.3595209 0 0 0 0 0 0 0 0 0 0 0 0 0 0 0 0 0 0 2.52633 0.9489499 0.09647465 2.542568 0.915333 0.08224154 2.552386 0.8784286 0.08380175 2.504882 0.8835343 0.09385681 2.493876 0.848536 0.09499836 2.494983 0.8287059 0.09721518 2.490459 0.8828849 0.1116748 2.482487 0.8434283 0.1162004 2.485779 0.8210219 0.1206446 0 0 0 0 0 0 0 0 0 0 0 0 0 0 0 0 0 0 0 0 0 0 0 0
166 2.755487 0.9908891 0.2119293 2.838415 0.9845131 0.2293453 2.672558 0.9972648 0.1945143 2.831072 0.5581192 0.1954241 2.595901 0.5983565 0.07949257 2.717592 0.07825174 0.2300453 2.521975 0.1245912 0.1691899 2.764596 1.100018 0.2085075 2.803762 1.242657 0.1764393 2.825389 1.486922 0.1565351 2.824269 1.564954 0.1486158 2.86209 1.430411 0.1621728 2.779719 1.438053 0.1664515 2.96814 1.399608 0.1592865 2.671598 1.423992 0.1842194 2.989892 1.162833 0.2148647 2.583365 1.206177 0.250525 2.995011 0.9275488 0.2522564 2.497571 0.9840423 0.2416482 2.846413 0.0007419214 0.1703448 2.4136 0.02222338 0.1064014 0 0 0 0 0 0 0 0 0 2.983314 0.9156362 0.2354393 2.966715 0.8814226 0.2231817 2.953657 0.8455306 0.2246027 3.001881 0.8496565 0.2423663 3.007745 0.8141437 0.2495613 3.003543 0.7951488 0.2541332 3.01382 0.8504446 0.2619319 3.017034 0.8111036 0.2710309 3.010378 0.7898083 0.2769341 0 0 0 0 0 0 0 0 0 0 0 0 0 0 0 0 0 0 2.494996 0.9739906 0.2203436 2.489181 0.9413396 0.1980619 2.486492 0.9037119 0.191926 2.457378 0.9171706 0.2304697 2.44243 0.884177 0.2364092 2.441842 0.8642061 0.2359691 2.456647 0.9163669 0.253377 2.44494 0.8781619 0.2600231 2.447296 0.8552067 0.2596359 0 0 0 0 0 0 0 0 0 0 0 0 0 0 0 0 0 0 0 0 0 0 0 0
167 2.803134 0.9884133 0.2410765 2.845402 0.9837147 0.1675072 2.760867 0.9931119 0.3146467 2.85508 0.5668298 0.1062813 2.636446 0.5899374 0.298048 2.910348 0.1132698 0.2747827 2.710351 0.1079582 0.3151846 2.806458 1.097807 0.2359996 2.794362 1.244449 0.2005281 2.788158 1.489927 0.185317 2.779841 1.567861 0.1821399 2.806478 1.434791 0.1507244 2.77909 1.438936 0.2287912 2.847936 1.406186 0.05240631 2.750948 1.417815 0.3335075 2.90883 1.16996 0.0417347 2.798558 1.195235 0.4219179 2.950755 0.9354365 0.03683662 2.776702 0.9642047 0.4760509 2.902414 -0.007470466 0.1674256 2.614527 0.002741061 0.3920865 0 0 0 0 0 0 0 0 0 2.930973 0.9225536 0.03889418 2.913951 0.8871441 0.04615784 2.910779 0.8504665 0.05642653 2.948333 0.8580788 0.0219326 2.958883 0.8231368 0.01805305 2.961834 0.8039563 0.02282572 2.971134 0.8599133 0.02030182 2.982335 0.8209951 0.01943398 2.985451 0.7993689 0.02686691 0 0 0 0 0 0 0 0 0 0 0 0 0 0 0 0 0 0 2.757599 0.9525349 0.468276 2.738822 0.9180221 0.4610209 2.736449 0.8800378 0.45751 2.757286 0.8921712 0.5014763 2.760068 0.858002 0.5145917 2.761696 0.8381331 0.5131941 2.777668 0.892781 0.5119696 2.783048 0.8539131 0.5220294 2.786307 0.8314695 0.5177517 0 0 0 0 0 0 0 0 0 0 0 0 0 0 0 0 0 0 0 0 0 0 0 0
168 2.729167 0.9421671 0.3146534 2.702587 0.9458526 0.2340236 2.755745 0.9384815 0.3952827 2.592437 0.5430107 0.1838903 2.560014 0.5682951 0.4350247 2.931168 0.200515 0.1192513 2.585854 0.09719922 0.3183107 2.73392 1.051572 0.3180876 2.723559 1.202233 0.3282061 2.724326 1.447879 0.3418684 2.715674 1.525692 0.3466787 2.710319 1.396844 0.2997789 2.744342 1.392544 0.3751812 2.668257 1.384805 0.1983414 2.793342 1.367744 0.4710331 2.640357 1.156615 0.1160264 2.875723 1.139078 0.4944787 2.552909 0.9368591 0.08698654 2.912557 0.90577 0.5260043 2.925799 0.03897395 0.1257601 2.504091 0.001769744 0.4201684 0 0 0 0 0 0 0 0 0 2.535545 0.9320884 0.1023908 2.511273 0.9047884 0.1185746 2.495309 0.8708134 0.1257577 2.496788 0.8833247 0.07296228 2.47775 0.8554564 0.05853271 2.469429 0.8373606 0.05689907 2.509484 0.8780523 0.05460644 2.493242 0.8440499 0.03974581 2.487144 0.8217997 0.0391202 0 0 0 0 0 0 0 0 0 0 0 0 0 0 0 0 0 0 2.893107 0.8936476 0.5320311 2.875866 0.8576877 0.5344687 2.872411 0.8198165 0.5306487 2.91519 0.8335549 0.5574737 2.925521 0.8000017 0.5681868 2.926882 0.7800704 0.568696 2.937584 0.8346676 0.552659 2.949445 0.7963477 0.5582943 2.950681 0.7736282 0.554431 0 0 0 0 0 0 0 0 0 0 0 0 0 0 0 0 0 0 0 0 0 0 0 0
169 2.636377 0.9703264 0.5153346 2.580528 0.9693581 0.4512954 2.692227 0.9712945 0.5793743 2.426554 0.5926332 0.5575886 2.573503 0.5677947 0.6084857 2.593637 0.1899178 0.342823 2.612347 0.09978022 0.4789557 2.641543 1.079593 0.5091777 2.643568 1.230223 0.523838 2.661468 1.475412 0.5333929 2.662347 1.553423 0.5415382 2.632749 1.425364 0.4981427 2.687613 1.418952 0.5598707 2.556523 1.41694 0.4186296 2.759168 1.393153 0.6399822 2.509682 1.185552 0.3562546 2.810066 1.154335 0.6406293 2.451418 0.9548181 0.344008 2.781673 0.92276 0.6891031 2.520865 0.04546317 0.3447919 2.528081 0.001378261 0.5758224 0 0 0 0 0 0 0 0 0 2.444503 0.9444665 0.364172 2.43613 0.909732 0.3820534 2.432688 0.8720114 0.3871584 2.408361 0.8888204 0.3456416 2.390325 0.857937 0.3373847 2.385377 0.8385834 0.3368092 2.412109 0.8884348 0.32302 2.399026 0.8515678 0.3125091 2.398066 0.8285398 0.3113122 0 0 0 0 0 0 0 0 0 0 0 0 0 0 0 0 0 0 2.759601 0.9159024 0.6943336 2.733946 0.8859762 0.7008581 2.720567 0.850179 0.7014256 2.765199 0.8531017 0.7220974 2.765069 0.8187871 0.7351274 2.760365 0.7994003 0.73631 2.787391 0.8486089 0.7184525 2.788503 0.8088171 0.7259502 2.783896 0.7864106 0.7228909 0 0 0 0 0 0 0 0 0 0 0 0 0 0 0 0 0 0 0 0 0 0 0 0
170 2.465726 0.9483719 0.7022371 2.400115 0.9403733 0.6488314 2.531338 0.9563704 0.7556438 2.211932 0.6130828 0.8374338 2.539468 0.5353808 0.7110696 2.152409 0.1368811 0.9239063 2.659111 0.1063543 0.5086117 2.458371 1.057442 0.6949391 2.456893 1.207821 0.7120452 2.448881 1.453413 0.7242851 2.439694 1.530391 0.7362409 2.423358 1.400845 0.6902637 2.482724 1.399903 0.7480259 2.344656 1.388522 0.6137295 2.562089 1.387221 0.8238153 2.369782 1.168529 0.5107889 2.625332 1.15436 0.8612428 2.343187 0.9336373 0.4807639 2.580857 0.9451267 0.966249 2.033718 0.1140612 1.031416 2.582644 0.0003288053 0.6038909 0 0 0 0 0 0 0 0 0 2.337852 0.9191681 0.4987564 2.342166 0.8827117 0.5145249 2.352343 0.8463242 0.5202823 2.328121 0.8568999 0.4709334 2.324364 0.8233251 0.4565845 2.32631 0.8038778 0.4524159 2.334911 0.8605857 0.4493413 2.337789 0.8230774 0.4343185 2.345486 0.8015041 0.4314928 0 0 0 0 0 0 0 0 0 0 0 0 0 0 0 0 0 0 2.558192 0.9434389 0.9729581 2.527857 0.9220476 0.9877424 2.506509 0.8930574 1.000571 2.556338 0.8950228 1.021933 2.552742 0.8677176 1.046198 2.546494 0.8507301 1.054669 2.577723 0.8868107 1.020855 2.574057 0.853204 1.043171 2.566683 0.8321188 1.048975 0 0 0 0 0 0 0 0 0 0 0 0 0 0 0 0 0 0 0 0 0 0 0 0
171 2.15159 0.9683392 0.9509158 2.081548 0.9683053 0.9027996 2.221632 0.9683731 0.9990339 1.952216 0.584483 1.016344 2.171854 0.5695696 1.123155 2.046021 0.1089792 0.9798608 2.271088 0.1694587 0.8656969 2.152771 1.07788 0.9491205 2.147962 1.227429 0.9719319 2.142122 1.473289 0.9788642 2.13608 1.551376 0.9832048 2.115998 1.42022 0.9461007 2.175605 1.420014 1.00362 2.04312 1.399948 0.8655925 2.254914 1.400453 1.077991 2.034003 1.172854 0.7763171 2.313023 1.165156 1.107716 1.986483 0.9408972 0.7494721 2.323495 0.9310756 1.151071 1.920385 0.009514995 1.001978 2.283035 0.02749547 0.9423165 0 0 0 0 0 0 0 0 0 1.974772 0.9306301 0.7673335 1.96351 0.8969549 0.7856493 1.96278 0.8593724 0.7925611 1.954097 0.8692628 0.7438235 1.945987 0.8348712 0.7338858 1.945914 0.8149113 0.7348704 1.965021 0.8683258 0.7236814 1.961736 0.8290392 0.714375 1.965303 0.8063617 0.7167525 0 0 0 0 0 0 0 0 0 0 0 0 0 0 0 0 0 0 2.303092 0.9219713 1.158969 2.281666 0.8892798 1.167247 2.272274 0.8522966 1.169434 2.319387 0.8626109 1.189903 2.327004 0.8292821 1.203263 2.326346 0.8094194 1.205364 2.341531 0.8606179 1.184279 2.350057 0.8223087 1.194307 2.349283 0.7992535 1.193604 0 0 0 0 0 0 0 0 0 0 0 0 0 0 0 0 0 0 0 0 0 0 0 0
172 2.194673 0.9888185 0.909627 2.153938 0.9906949 0.835073 2.235408 0.9869418 0.9841809 2.068595 0.5770066 0.8540535 2.155969 0.5808066 1.059492 2.171608 0.1002959 0.8252349 2.260944 0.1334945 0.901022 2.203177 1.098033 0.9077287 2.196247 1.248508 0.9224863 2.200876 1.494322 0.9316072 2.194461 1.572376 0.9360051 2.18591 1.442746 0.8905201 2.220167 1.439305 0.9658604 2.147692 1.42096 0.789187 2.269812 1.410739 1.060322 2.154516 1.187929 0.7165585 2.323894 1.173585 1.081731 2.105525 0.9562019 0.6903787 2.345039 0.937382 1.105051 2.043323 0.002857767 0.8105516 2.250284 0.01109835 1.006247 0 0 0 0 0 0 0 0 0 2.088233 0.9478905 0.7042871 2.069504 0.9164281 0.7202764 2.064286 0.8797174 0.7295432 2.073729 0.8846934 0.6810083 2.068604 0.8498563 0.6706462 2.067658 0.8299524 0.6721692 2.090545 0.8816375 0.6657171 2.088789 0.8418259 0.658452 2.090258 0.8192186 0.6628556 0 0 0 0 0 0 0 0 0 0 0 0 0 0 0 0 0 0 2.324764 0.9254627 1.10795 2.30549 0.8904659 1.10769 2.299383 0.8531535 1.1021 2.342606 0.8621368 1.128386 2.351944 0.82722 1.134783 2.353024 0.80745 1.13207 2.365372 0.8628714 1.12572 2.37535 0.8237234 1.128673 2.376367 0.8013597 1.123063 0 0 0 0 0 0 0 0 0 0 0 0 0 0 0 0 0 0 0 0 0 0 0 0
173 2.171603 0.9959495 0.9357414 2.146534 0.9972701 0.854557 2.196672 0.9946288 1.016926 2.083037 0.5780516 0.8646412 2.076513 0.6046929 1.119102 2.190265 0.1000809 0.8503237 2.241644 0.1616002 1.006757 2.180745 1.105124 0.9346948 2.170556 1.255882 0.9434586 2.17425 1.501678 0.9534531 2.16778 1.579813 0.955904 2.164486 1.450175 0.9107404 2.189054 1.446593 0.9897666 2.139027 1.426783 0.8058195 2.227508 1.416919 1.088986 2.149665 1.191921 0.7398524 2.278112 1.179851 1.118357 2.116415 0.9581123 0.7080612 2.295615 0.9438706 1.146465 2.062621 0.001905449 0.8349857 2.192487 0.03100041 1.088575 0 0 0 0 0 0 0 0 0 2.097984 0.9492633 0.7200427 2.079254 0.9172191 0.7348299 2.074867 0.8805464 0.7446613 2.08937 0.8849089 0.6970124 2.088017 0.8498624 0.6861858 2.088255 0.8299139 0.6873584 2.108028 0.8823524 0.6839256 2.109023 0.8426389 0.6760092 2.110874 0.8199039 0.6795216 0 0 0 0 0 0 0 0 0 0 0 0 0 0 0 0 0 0 2.274927 0.932449 1.148229 2.254622 0.898066 1.146872 2.248367 0.8608662 1.140723 2.290058 0.8687581 1.169692 2.298258 0.8333733 1.17498 2.298666 0.8138424 1.170767 2.312949 0.8689389 1.168311 2.321721 0.8294292 1.170005 2.321972 0.8075607 1.162633 0 0 0 0 0 0 0 0 0 0 0 0 0 0 0 0 0 0 0 0 0 0 0 0
174 2.151352 1.000008 0.9341211 2.135198 1.000207 0.8506937 2.167505 0.9998083 1.017549 2.075013 0.5803127 0.8636827 2.078171 0.5920236 1.072306 2.181292 0.1017504 0.8517799 2.225643 0.1287127 1.055911 2.158703 1.109316 0.9329586 2.145884 1.260094 0.9361582 2.146444 1.506107 0.9387045 2.139491 1.584239 0.9388928 2.141197 1.453212 0.8969088 2.158255 1.452335 0.9779639 2.125868 1.427391 0.7905989 2.187708 1.424521 1.080739 2.141015 1.190419 0.7336817 2.236928 1.188215 1.11764 2.122384 0.9550518 0.7014627 2.253484 0.9528378 1.150905 2.05431 0.002137445 0.8408546 2.142134 0.01530745 1.135486 0 0 0 0 0 0 0 0 0 2.103292 0.9454924 0.7117424 2.084774 0.9127783 0.7252779 2.080848 0.8761403 0.7354269 2.099963 0.8805042 0.6891255 2.102091 0.8451553 0.6794701 2.103597 0.8253267 0.6814537 2.119916 0.8786682 0.6779709 2.123991 0.8389457 0.6711631 2.126817 0.8164496 0.6754732 0 0 0 0 0 0 0 0 0 0 0 0 0 0 0 0 0 0 2.232721 0.9414161 1.150709 2.212191 0.9073786 1.146676 2.206795 0.8703754 1.138776 2.246083 0.8771682 1.17168 2.253462 0.8412518 1.173372 2.253403 0.822777 1.165753 2.269011 0.8773387 1.172147 2.277209 0.8377417 1.169755 2.27695 0.8177093 1.158298 0 0 0 0 0 0 0 0 0 0 0 0 0 0 0 0 0 0 0 0 0 0 0 0
175 2.142491 1.003107 0.9369431 2.131518 1.002947 0.8526778 2.153463 1.003267 1.02121 2.072087 0.5826522 0.8637085 2.094774 0.5846416 1.056593 2.174645 0.103191 0.845737 2.205952 0.1074556 1.070016 2.148604 1.112493 0.9359388 2.134712 1.263206 0.9369402 2.134181 1.509225 0.9348984 2.128096 1.587383 0.9322319 2.131563 1.45554 0.8938694 2.143908 1.456246 0.9757762 2.122596 1.428575 0.7871165 2.16717 1.428772 1.080216 2.139448 1.190759 0.7343493 2.219604 1.193492 1.11919 2.129909 0.9550424 0.7007394 2.233599 0.9579826 1.152693 2.047602 0.00326822 0.8392277 2.101152 0.006078787 1.140064 0 0 0 0 0 0 0 0 0 2.110659 0.9449388 0.7101688 2.092421 0.9118198 0.7230849 2.088719 0.8751637 0.7332525 2.11008 0.8799502 0.6873169 2.113947 0.8442044 0.6799288 2.116118 0.8247256 0.6838322 2.130538 0.8786888 0.6770296 2.136149 0.8388348 0.6724463 2.139478 0.8169667 0.6790295 0 0 0 0 0 0 0 0 0 0 0 0 0 0 0 0 0 0 2.212899 0.9464921 1.151672 2.192578 0.9124196 1.146938 2.188247 0.875347 1.138715 2.225681 0.8822164 1.172918 2.233344 0.8463943 1.175236 2.233737 0.8278694 1.167749 2.248574 0.8824618 1.174253 2.257378 0.8429758 1.172204 2.257836 0.8229423 1.160754 0 0 0 0 0 0 0 0 0 0 0 0 0 0 0 0 0 0 0 0 0 0 0 0
178 2.151122 1.002024 1.004568 2.143812 1.001861 0.9199066 2.158432 1.002186 1.089231 2.082215 0.5813978 0.9010539 2.102385 0.580798 1.0982 2.166873 0.1018204 0.8346148 2.196673 0.09974431 1.065432 2.157956 1.111369 1.003768 2.144623 1.262132 1.004842 2.145166 1.508157 1.005831 2.142 1.586532 1.005404 2.143208 1.454992 0.9640942 2.153787 1.454638 1.04625 2.136368 1.430456 0.8566003 2.172817 1.421761 1.149984 2.154444 1.192286 0.8058753 2.239587 1.189382 1.184144 2.149374 0.9566597 0.7706966 2.253322 0.9537109 1.216602 2.039738 0.001904316 0.8301272 2.089982 0.002045907 1.13781 0 0 0 0 0 0 0 0 0 2.129213 0.947064 0.7786355 2.10966 0.9132333 0.7869697 2.103636 0.8759646 0.7929296 2.125228 0.8845609 0.7499375 2.126333 0.8535331 0.7303581 2.126702 0.8347807 0.7234602 2.145893 0.8828583 0.7401404 2.147491 0.84672 0.7219114 2.148253 0.824712 0.7150044 0 0 0 0 0 0 0 0 0 0 0 0 0 0 0 0 0 0 2.233374 0.940955 1.215653 2.215882 0.9055358 1.209667 2.215004 0.8689969 1.198492 2.251617 0.8759493 1.22935 2.263448 0.8418449 1.235998 2.266961 0.8223353 1.233465 2.274486 0.8776659 1.229319 2.287705 0.8394228 1.231204 2.292092 0.8174614 1.225628 0 0 0 0 0 0 0 0 0 0 0 0 0 0 0 0 0 0 0 0 0 0 0 0
188 2.14474 0.9955215 0.9472733 2.167008 0.9983758 0.8653154 2.122473 0.9926671 1.029232 2.104617 0.5793367 0.8390903 2.045919 0.5760269 1.037048 2.202325 0.09903958 0.8570409 2.143141 0.09894981 1.088178 2.152472 1.104651 0.9531746 2.139964 1.255485 0.9541616 2.139942 1.501393 0.9618201 2.130741 1.579275 0.9602041 2.157012 1.449264 0.9222798 2.129441 1.44683 1.000354 2.198682 1.422469 0.8235416 2.0999 1.418854 1.103058 2.269561 1.191435 0.7885547 2.101454 1.179455 1.15113 2.27588 0.9570202 0.746213 2.084152 0.9430849 1.175885 2.114598 0.001607262 0.762291 2.016844 0.002365552 1.058387 0 0 0 0 0 0 0 0 0 2.25505 0.9460483 0.7435141 2.233754 0.9122724 0.7421002 2.228205 0.8747041 0.7464132 2.269577 0.8831921 0.7193441 2.277328 0.8480671 0.7120333 2.277093 0.8283744 0.7154264 2.292435 0.8829176 0.7211699 2.300575 0.843353 0.7181358 2.300096 0.8213241 0.7250018 0 0 0 0 0 0 0 0 0 0 0 0 0 0 0 0 0 0 2.067522 0.9332029 1.162197 2.052756 0.9004021 1.144807 2.050657 0.8641451 1.1329 2.062063 0.8677636 1.18303 2.063084 0.8318715 1.190648 2.065348 0.812257 1.187562 2.079715 0.8662637 1.197594 2.082403 0.8262016 1.202945 2.085969 0.8040177 1.197672 0 0 0 0 0 0 0 0 0 0 0 0 0 0 0 0 0 0 0 0 0 0 0 0
189 2.105381 0.9919154 0.9379663 2.17256 0.9942382 0.8859782 2.038202 0.9895924 0.9899535 2.116539 0.5826765 0.8008933 2.024661 0.5700482 0.9292436 2.191252 0.0990543 0.8239174 2.088944 0.09331142 1.022839 2.105747 1.101345 0.9433289 2.078239 1.249637 0.9306321 2.06218 1.495133 0.9288235 2.057512 1.572999 0.9205785 2.101975 1.444139 0.9091201 2.033197 1.439979 0.9550962 2.194566 1.422074 0.8530502 1.947779 1.412318 1.019458 2.286509 1.196193 0.8652654 1.927359 1.17369 1.067046 2.331305 0.9643422 0.8333054 1.909365 0.9368042 1.085598 2.136491 0.001326866 0.7072234 2.062557 0.009641016 0.8869352 0 0 0 0 0 0 0 0 0 2.316331 0.9531777 0.8187199 2.301049 0.9191712 0.8043551 2.295377 0.88138 0.8037195 2.344439 0.8915789 0.8060064 2.356247 0.8568998 0.8037233 2.35479 0.8370842 0.8058672 2.361972 0.8915735 0.8207893 2.371769 0.852291 0.8221016 2.368179 0.8299972 0.826869 0 0 0 0 0 0 0 0 0 0 0 0 0 0 0 0 0 0 1.906516 0.9260642 1.064668 1.9087 0.8925977 1.042953 1.916899 0.8563974 1.033839 1.892032 0.8602151 1.078819 1.889612 0.8243792 1.086385 1.894365 0.8049692 1.086218 1.895656 0.8596486 1.101458 1.8962 0.8197734 1.108565 1.903508 0.7978992 1.107707 0 0 0 0 0 0 0 0 0 0 0 0 0 0 0 0 0 0 0 0 0 0 0 0
190 2.184212 0.9881758 0.9684672 2.26898 0.9925569 0.9644299 2.099444 0.9837944 0.9725037 2.320442 0.5995786 0.8179436 2.112118 0.5658916 0.904954 2.341998 0.1134165 0.8573442 2.169382 0.09265087 1.015589 2.178229 1.09734 0.9613209 2.150993 1.238688 0.9145503 2.136767 1.481656 0.8785872 2.137497 1.559946 0.8737779 2.179936 1.432852 0.896666 2.09854 1.426046 0.8828845 2.285381 1.418762 0.9264374 1.99293 1.398482 0.8658385 2.360328 1.20204 1.010339 1.950568 1.160935 0.9032807 2.434095 0.9763564 1.030544 1.932015 0.9238684 0.9187207 2.433248 0.02962094 0.7533317 2.150355 0.002690461 0.882503 0 0 0 0 0 0 0 0 0 2.436751 0.9646644 1.010104 2.441082 0.9300147 0.9906888 2.441759 0.8919435 0.9873872 2.471332 0.9070798 1.025409 2.48489 0.8740503 1.033926 2.484984 0.8540914 1.034929 2.471418 0.9079228 1.048326 2.481359 0.869882 1.05807 2.478215 0.8470538 1.059345 0 0 0 0 0 0 0 0 0 0 0 0 0 0 0 0 0 0 1.946304 0.9124941 0.9036198 1.963892 0.8783781 0.8925252 1.975198 0.8418959 0.8939266 1.924117 0.8472984 0.901782 1.915332 0.8117769 0.9046721 1.917655 0.7922693 0.9083366 1.908608 0.8474188 0.9186759 1.90176 0.8078772 0.924192 1.906143 0.7859223 0.9297962 0 0 0 0 0 0 0 0 0 0 0 0 0 0 0 0 0 0 0 0 0 0 0 0
191 2.225874 0.9578061 0.9360342 2.283676 0.9566357 0.9983149 2.168074 0.9589763 0.8737545 2.389371 0.5696284 0.8718939 2.274071 0.5914739 0.6987267 2.244781 0.1058765 0.887661 2.079035 0.1914302 0.8940377 2.224983 1.067326 0.93892 2.23807 1.217669 0.9273348 2.250069 1.463397 0.9290843 2.25866 1.541344 0.9272509 2.269515 1.408798 0.963913 2.219862 1.411694 0.8976727 2.329717 1.387176 1.053979 2.153055 1.39873 0.8106537 2.324214 1.155334 1.130424 2.090814 1.166876 0.7659903 2.370196 0.9219548 1.144656 2.096003 0.9361144 0.7067885 2.370079 0.006499495 0.8633385 2.06861 0.05314881 0.8107529 0 0 0 0 0 0 0 0 0 2.383687 0.9139969 1.126873 2.396356 0.8822249 1.106225 2.39856 0.8455905 1.095557 2.405942 0.8517258 1.146189 2.416138 0.8172683 1.153674 2.418282 0.7975144 1.151539 2.393682 0.8483635 1.165277 2.398881 0.8086998 1.171648 2.397214 0.7860507 1.167541 0 0 0 0 0 0 0 0 0 0 0 0 0 0 0 0 0 0 2.117959 0.9283844 0.7023439 2.141935 0.897142 0.6956081 2.153075 0.8608286 0.6913648 2.110958 0.8738644 0.6608143 2.107696 0.8428777 0.6414113 2.109688 0.8235303 0.6368198 2.088217 0.8709165 0.6611695 2.082736 0.8342682 0.6448078 2.083997 0.8112826 0.6431632 0 0 0 0 0 0 0 0 0 0 0 0 0 0 0 0 0 0 0 0 0 0 0 0
192 2.579857 0.9790068 0.8696842 2.623019 0.9826395 0.9427934 2.536694 0.975374 0.7965751 2.661122 0.5625655 0.9374275 2.699148 0.6018953 0.688529 2.49172 0.112676 1.01791 2.707171 0.1165824 0.7267342 2.573394 1.088366 0.8680649 2.582189 1.239298 0.8609457 2.579656 1.485299 0.8585052 2.583754 1.563429 0.8528509 2.601371 1.432541 0.8947997 2.553371 1.431378 0.8273001 2.665823 1.416674 0.9831047 2.489291 1.411464 0.7395449 2.72097 1.185186 1.037851 2.393625 1.186829 0.7430215 2.800859 0.9607646 1.043818 2.365246 0.9512472 0.7211418 2.601512 -0.002839722 0.9901886 2.795453 0.04408684 0.6122026 0 0 0 0 0 0 0 0 0 2.812401 0.9541208 1.024217 2.827805 0.9232027 1.004139 2.836649 0.8872 0.9948463 2.850863 0.899862 1.042182 2.871068 0.870618 1.051338 2.878986 0.8522791 1.051951 2.843222 0.8958555 1.06343 2.860063 0.8600997 1.072303 2.865239 0.8376111 1.071961 0 0 0 0 0 0 0 0 0 0 0 0 0 0 0 0 0 0 2.384093 0.937344 0.7175298 2.399935 0.9006699 0.7169399 2.402468 0.8630063 0.7229223 2.359149 0.8753745 0.7006855 2.34801 0.8408986 0.6948023 2.346498 0.8212033 0.6978331 2.336763 0.8783823 0.7046518 2.323467 0.8401195 0.7046266 2.32147 0.8183999 0.7121696 0 0 0 0 0 0 0 0 0 0 0 0 0 0 0 0 0 0 0 0 0 0 0 0
193 2.696064 0.9538994 0.6075134 2.762 0.9546328 0.6611137 2.630128 0.953166 0.5539131 2.785218 0.5347285 0.6528049 2.763059 0.5895954 0.3882332 2.587042 0.1564244 0.8848238 2.782961 0.1040001 0.41113 2.691929 1.063324 0.6111026 2.694571 1.213924 0.5962315 2.687411 1.459731 0.5886965 2.69065 1.537723 0.5809703 2.721148 1.408185 0.6165709 2.652848 1.404762 0.5698271 2.811975 1.394805 0.6780119 2.562346 1.382569 0.5104942 2.88382 1.163364 0.7079773 2.474855 1.160154 0.560513 2.968729 0.9439251 0.6702929 2.430262 0.9261962 0.56814 2.645842 0.01258787 0.8398762 2.838173 0.01465698 0.2881002 0 0 0 0 0 0 0 0 0 2.972774 0.9406877 0.6471691 2.979813 0.9133307 0.6189137 2.985054 0.87951 0.6019011 3.017196 0.8882182 0.6427269 3.039619 0.8592568 0.6403341 3.047216 0.8413804 0.6356335 3.017794 0.8810635 0.6645069 3.036877 0.8454595 0.6615095 3.040777 0.8234864 0.6556253 0 0 0 0 0 0 0 0 0 0 0 0 0 0 0 0 0 0 2.444731 0.9099669 0.5587158 2.457092 0.8720147 0.5569372 2.460609 0.8350925 0.566164 2.4111 0.8499563 0.5624304 2.397074 0.8163795 0.5672445 2.396434 0.7974769 0.573699 2.392925 0.8558423 0.5751166 2.379309 0.8193617 0.5862808 2.38044 0.7990554 0.5971904 0 0 0 0 0 0 0 0 0 0 0 0 0 0 0 0 0 0 0 0 0 0 0 0
194 2.811896 0.9879588 0.3523569 2.893105 0.9853466 0.377244 2.730686 0.9905711 0.3274698 2.915468 0.5835332 0.2548761 2.73971 0.5817146 0.2207656 2.861268 0.1532135 0.4742112 2.696449 0.1021708 0.3023748 2.813601 1.097347 0.3582735 2.817038 1.247869 0.3427882 2.818761 1.493884 0.3410635 2.823251 1.571985 0.3353195 2.857519 1.440375 0.3554435 2.777468 1.440786 0.3341541 2.960588 1.417647 0.3880615 2.672105 1.416339 0.3116894 3.005884 1.179477 0.4171834 2.609653 1.186233 0.3643761 3.043345 0.9447181 0.4008222 2.571317 0.9512395 0.3739395 2.89551 0.01642635 0.3949428 2.689814 0.003848635 0.1740961 0 0 0 0 0 0 0 0 0 3.04104 0.9366207 0.3786707 3.034715 0.9045388 0.3557129 3.026831 0.868425 0.3459978 3.065348 0.8721628 0.3792858 3.074183 0.8366404 0.3820047 3.07245 0.8167463 0.3812351 3.068514 0.8688359 0.4017544 3.072715 0.8286664 0.4048533 3.066472 0.8064695 0.4038711 0 0 0 0 0 0 0 0 0 0 0 0 0 0 0 0 0 0 2.580713 0.9378455 0.3567963 2.592701 0.9020981 0.3435774 2.601017 0.8648451 0.3455324 2.553611 0.8749986 0.3646622 2.546137 0.8399163 0.3724523 2.551228 0.8211418 0.3770328 2.542561 0.8774046 0.384613 2.53841 0.8388507 0.396327 2.54719 0.8186448 0.4032025 0 0 0 0 0 0 0 0 0 0 0 0 0 0 0 0 0 0 0 0 0 0 0 0
195 2.763712 1.000483 0.2314177 2.844728 0.9987629 0.2570047 2.682697 1.002202 0.2058311 2.878551 0.5885989 0.1668282 2.690133 0.581452 0.1474962 2.855095 0.1223711 0.3049574 2.652528 0.1016239 0.2440667 2.763818 1.109819 0.238431 2.766792 1.260628 0.2259331 2.766982 1.506654 0.2268267 2.770597 1.58486 0.2219543 2.805638 1.453233 0.2418003 2.726256 1.45338 0.2181315 2.90721 1.428865 0.2777586 2.622073 1.426831 0.1927447 2.947976 1.191514 0.3181005 2.564215 1.191349 0.2214785 2.982396 0.9557272 0.3163891 2.532329 0.955382 0.2122087 2.904913 0.01037081 0.1994071 2.641649 0.003166698 0.1161814 0 0 0 0 0 0 0 0 0 2.98127 0.9457009 0.2949471 2.976775 0.9122402 0.273582 2.969288 0.8754719 0.266314 3.003223 0.8808993 0.3030014 3.011075 0.8455387 0.3089409 3.008771 0.8256937 0.3094406 3.004788 0.8795583 0.3258424 3.008682 0.8397731 0.3323836 3.00294 0.817426 0.3329105 0 0 0 0 0 0 0 0 0 0 0 0 0 0 0 0 0 0 2.543091 0.9439226 0.1944771 2.55654 0.9095745 0.1791267 2.565603 0.8724447 0.179059 2.518293 0.8796558 0.1954513 2.508917 0.8443498 0.1990423 2.511889 0.8247774 0.2017727 2.506204 0.8798673 0.2149382 2.499859 0.8404559 0.2218189 2.505651 0.8186493 0.2266731 0 0 0 0 0 0 0 0 0 0 0 0 0 0 0 0 0 0 0 0 0 0 0 0
196 2.75242 1.002488 0.2062769 2.832613 1.000867 0.2343397 2.672227 1.00411 0.1782136 2.883297 0.5854197 0.166965 2.689634 0.5816572 0.1320229 2.883833 0.1057236 0.266057 2.667339 0.1017746 0.2356734 2.751971 1.111785 0.2138772 2.753805 1.262411 0.199141 2.753716 1.508435 0.1980505 2.757663 1.586663 0.1938362 2.791732 1.455188 0.2151327 2.713462 1.455039 0.188014 2.891123 1.430467 0.2565336 2.610743 1.426339 0.159225 2.93069 1.193305 0.299119 2.556024 1.19024 0.1890244 2.965843 0.9576433 0.3024273 2.526656 0.9538364 0.1832232 2.94645 0.00761231 0.153718 2.649543 0.004172407 0.1079082 0 0 0 0 0 0 0 0 0 2.966437 0.9473074 0.2811112 2.963855 0.9134718 0.2600212 2.95706 0.8765626 0.2527876 2.987391 0.8825672 0.2918677 2.997085 0.8480955 0.299932 2.996955 0.8281752 0.3015275 2.987073 0.8815565 0.3147774 2.993819 0.8424762 0.3230267 2.991614 0.8195645 0.3247108 0 0 0 0 0 0 0 0 0 0 0 0 0 0 0 0 0 0 2.537945 0.9423267 0.1658549 2.552444 0.9079682 0.151516 2.562687 0.871174 0.1529298 2.51615 0.8770445 0.1689072 2.505986 0.8420364 0.1732025 2.50769 0.8223632 0.1762748 2.504055 0.8773187 0.1883907 2.497015 0.8380879 0.1956177 2.501106 0.8159289 0.2006054 0 0 0 0 0 0 0 0 0 0 0 0 0 0 0 0 0 0 0 0 0 0 0 0
197 2.732089 1.002218 0.1985774 2.810546 1.001487 0.2312102 2.653631 1.002949 0.1659427 2.878776 0.5873799 0.1695433 2.677454 0.581444 0.1158838 2.888738 0.1069058 0.2659273 2.66568 0.1012975 0.2189865 2.730351 1.111565 0.205204 2.734333 1.261845 0.1876411 2.734637 1.507845 0.1839685 2.738447 1.586092 0.1799822 2.771674 1.454749 0.2034931 2.694863 1.45438 0.1724854 2.868675 1.430292 0.25036 2.594127 1.423775 0.1390305 2.904639 1.19299 0.2952981 2.535692 1.189244 0.1737504 2.939113 0.9573957 0.3047609 2.504266 0.9530469 0.1712322 2.960902 0.004030712 0.1640668 2.648916 0.003218807 0.09144688 0 0 0 0 0 0 0 0 0 2.942047 0.9470271 0.2836552 2.942885 0.912797 0.2630663 2.938523 0.8755439 0.2557216 2.964935 0.8833674 0.2966805 2.97751 0.8505038 0.307128 2.980211 0.8309339 0.3101444 2.962659 0.88242 0.3194809 2.973017 0.8446406 0.3297901 2.974572 0.8218347 0.3329697 0 0 0 0 0 0 0 0 0 0 0 0 0 0 0 0 0 0 2.515987 0.9409227 0.1545835 2.530734 0.9060053 0.1419487 2.540856 0.8693219 0.1454983 2.494612 0.8756471 0.159904 2.483123 0.8411649 0.1650314 2.48365 0.8215271 0.1686993 2.482125 0.8766264 0.1791143 2.4738 0.8378688 0.1874442 2.476456 0.8156727 0.193182 0 0 0 0 0 0 0 0 0 0 0 0 0 0 0 0 0 0 0 0 0 0 0 0
199 2.768234 0.9906458 0.2217369 2.851846 0.9841423 0.2354374 2.684621 0.9971493 0.2080355 2.848577 0.5580845 0.2042761 2.608565 0.5974155 0.09543467 2.73429 0.07979258 0.24722 2.543884 0.1225706 0.186676 2.777179 1.099806 0.2189589 2.814354 1.243057 0.1872444 2.83355 1.487579 0.1680155 2.832328 1.565593 0.1599398 2.870818 1.43128 0.1717129 2.788659 1.438346 0.1795583 2.976784 1.400841 0.1647644 2.681397 1.423155 0.2011847 3.001994 1.164185 0.2193851 2.599559 1.204349 0.2722602 3.010779 0.929128 0.257514 2.516659 0.9810541 0.265202 2.863496 -0.0003175512 0.1919489 2.437235 0.0158669 0.1283059 0 0 0 0 0 0 0 0 0 2.998575 0.9169801 0.2412329 2.981822 0.882533 0.2298732 2.969118 0.8465525 0.2320671 3.017922 0.8512105 0.248024 3.024335 0.8158081 0.2552929 3.020458 0.7968203 0.2601719 3.030559 0.8522603 0.2671328 3.034424 0.8130252 0.2764335 3.028162 0.7917293 0.2827525 0 0 0 0 0 0 0 0 0 0 0 0 0 0 0 0 0 0 2.513369 0.9710295 0.2439833 2.506944 0.9383882 0.2218561 2.504262 0.900757 0.2157373 2.476492 0.9139586 0.2553473 2.461972 0.8808615 0.2617531 2.461489 0.8608884 0.2612906 2.476601 0.9131042 0.278264 2.465377 0.8748145 0.2852468 2.467857 0.8518752 0.2847223 0 0 0 0 0 0 0 0 0 0 0 0 0 0 0 0 0 0 0 0 0 0 0 0
200 2.809435 0.9851818 0.2363119 2.847711 0.9814084 0.1605368 2.77116 0.9889553 0.3120871 2.854871 0.5669409 0.08756399 2.645715 0.5868065 0.2859073 2.939954 0.1203812 0.2604089 2.723446 0.1053851 0.2920408 2.813102 1.094623 0.2327147 2.800429 1.24208 0.201025 2.793743 1.487645 0.1875191 2.785272 1.565567 0.1844654 2.810934 1.432724 0.1520181 2.786083 1.436389 0.2309513 2.849751 1.404553 0.05250168 2.760688 1.414047 0.3361158 2.909811 1.168448 0.03600597 2.812024 1.191034 0.4212914 2.948346 0.933513 0.02584028 2.795782 0.9590314 0.473196 2.92618 -0.01005027 0.1657276 2.624982 0.005259238 0.3723311 0 0 0 0 0 0 0 0 0 2.928366 0.9208668 0.02740717 2.910796 0.8855359 0.03367901 2.907028 0.8486613 0.04299736 2.944928 0.8566324 0.008812428 2.954984 0.8216596 0.004010201 2.957608 0.802311 0.008267403 2.967765 0.8581803 0.007392406 2.978485 0.8191606 0.005558968 2.981264 0.7973143 0.01246262 0 0 0 0 0 0 0 0 0 0 0 0 0 0 0 0 0 0 2.777022 0.9470162 0.4651175 2.759212 0.9121248 0.457262 2.757773 0.8741395 0.453289 2.777734 0.886336 0.4977288 2.781063 0.8521212 0.5105968 2.783099 0.832296 0.5091162 2.797994 0.8872958 0.508431 2.80412 0.8484709 0.5182261 2.80791 0.8261325 0.5138354 0 0 0 0 0 0 0 0 0 0 0 0 0 0 0 0 0 0 0 0 0 0 0 0
201 2.728331 0.9434896 0.3130288 2.702031 0.9466407 0.232285 2.75463 0.9403384 0.3937721 2.563529 0.5510619 0.196744 2.563238 0.5668839 0.4225817 2.906792 0.2171517 0.1137037 2.599819 0.09722599 0.3029785 2.733414 1.052902 0.3156433 2.723507 1.203505 0.3270087 2.725053 1.44915 0.3406157 2.716733 1.526993 0.345542 2.711262 1.398156 0.2984066 2.744544 1.393752 0.3741331 2.670128 1.386399 0.1965561 2.792493 1.368998 0.4705272 2.642302 1.158458 0.1135292 2.87277 1.139596 0.494092 2.552828 0.9393613 0.08571291 2.902807 0.9052442 0.5250759 2.909819 0.05548479 0.11833 2.514383 0.001158798 0.401155 0 0 0 0 0 0 0 0 0 2.535714 0.934597 0.1013966 2.511939 0.9072386 0.118207 2.496408 0.8731915 0.1259747 2.49702 0.8851746 0.07300043 2.477981 0.8570563 0.0590663 2.46974 0.8389043 0.05766392 2.509521 0.8798231 0.054533 2.493391 0.8455706 0.04013062 2.487463 0.8232697 0.03972244 0 0 0 0 0 0 0 0 0 0 0 0 0 0 0 0 0 0 2.882782 0.8936775 0.5302505 2.864324 0.8582632 0.5314488 2.859767 0.8205983 0.5268297 2.902032 0.8324807 0.5553598 2.910888 0.7984411 0.5658574 2.911587 0.7784704 0.5661025 2.924599 0.8329278 0.5513039 2.935016 0.794154 0.5566826 2.93565 0.7714675 0.5524921 0 0 0 0 0 0 0 0 0 0 0 0 0 0 0 0 0 0 0 0 0 0 0 0
202 2.640514 0.9711477 0.4997635 2.584727 0.9705918 0.4356647 2.6963 0.9717034 0.5638633 2.426991 0.5956293 0.5426698 2.588169 0.5639979 0.5728126 2.549798 0.1623212 0.3599596 2.639026 0.09972443 0.4331322 2.646102 1.080412 0.4939523 2.648557 1.231108 0.5078478 2.667638 1.47623 0.5168343 2.668646 1.554215 0.5252161 2.639215 1.426212 0.4813018 2.693048 1.419725 0.5439239 2.56389 1.418494 0.4008646 2.76323 1.39452 0.6254282 2.523415 1.18724 0.3337207 2.8067 1.154349 0.6327133 2.471571 0.9554397 0.3146496 2.765991 0.9261134 0.6877966 2.456746 0.03130081 0.3784428 2.548927 0.001371585 0.5246511 0 0 0 0 0 0 0 0 0 2.464853 0.9438748 0.3342123 2.458088 0.9080991 0.3506641 2.456704 0.8700781 0.3543053 2.432464 0.8870386 0.3126082 2.41645 0.8554048 0.3031144 2.412756 0.8357992 0.3019519 2.436707 0.887812 0.2900844 2.425827 0.8507591 0.2778563 2.426052 0.8277825 0.2756958 0 0 0 0 0 0 0 0 0 0 0 0 0 0 0 0 0 0 2.743256 0.9208866 0.6919632 2.715424 0.8929156 0.6982365 2.699793 0.8580606 0.6994767 2.743147 0.8590668 0.7223673 2.739966 0.825499 0.7368727 2.733927 0.8065354 0.7386847 2.765168 0.8530341 0.7202187 2.763246 0.8136318 0.7294168 2.757406 0.791423 0.7271132 0 0 0 0 0 0 0 0 0 0 0 0 0 0 0 0 0 0 0 0 0 0 0 0
203 2.462498 0.9389418 0.6890793 2.396094 0.9305698 0.6367188 2.528902 0.9473138 0.7414398 2.211904 0.605215 0.8323421 2.547236 0.5287337 0.6849856 2.158894 0.1299165 0.9272113 2.681533 0.1169459 0.4590983 2.454613 1.047966 0.6816473 2.453351 1.198319 0.6989975 2.444502 1.443905 0.7107658 2.435894 1.520934 0.7228236 2.418826 1.391159 0.6771369 2.478805 1.390583 0.7342663 2.339356 1.378403 0.60147 2.559184 1.378497 0.8090792 2.368733 1.158971 0.4984579 2.623226 1.146247 0.8488708 2.342113 0.924594 0.4646697 2.577995 0.9411568 0.9614549 2.048166 0.1097309 1.043395 2.60875 0.001921918 0.5464993 0 0 0 0 0 0 0 0 0 2.336482 0.9093429 0.4819107 2.340459 0.872117 0.4958649 2.350585 0.83551 0.5001254 2.328387 0.8481314 0.4513545 2.323982 0.8154628 0.4352093 2.324935 0.7963193 0.429554 2.33572 0.8527724 0.4301262 2.339385 0.815962 0.4136219 2.34728 0.7945814 0.4099932 0 0 0 0 0 0 0 0 0 0 0 0 0 0 0 0 0 0 2.555413 0.940276 0.9685841 2.525039 0.9199315 0.9847054 2.503474 0.8918266 0.9990516 2.553332 0.894181 1.019741 2.549542 0.8681036 1.045293 2.543067 0.8516666 1.054635 2.574516 0.8854581 1.018708 2.570488 0.8529962 1.042602 2.562738 0.8323669 1.049457 0 0 0 0 0 0 0 0 0 0 0 0 0 0 0 0 0 0 0 0 0 0 0 0
204 2.144146 0.9698363 0.9518938 2.072668 0.9704098 0.9059401 2.215623 0.9692627 0.9978471 1.955024 0.5830591 1.020243 2.169387 0.5759506 1.139606 2.049622 0.1089203 0.9703622 2.256971 0.1733542 0.8817973 2.145919 1.079375 0.9505038 2.142011 1.228856 0.9739256 2.136619 1.474718 0.9811506 2.130341 1.552802 0.9851966 2.109447 1.421689 0.9491839 2.1708 1.421399 1.004837 2.034269 1.401403 0.8708224 2.252376 1.401655 1.076664 2.021312 1.173811 0.7833076 2.311904 1.166123 1.10129 1.97048 0.9420868 0.7608814 2.323222 0.931345 1.140455 1.92434 0.01011487 0.9969821 2.275165 0.03411146 0.9620914 0 0 0 0 0 0 0 0 0 1.959335 0.9321778 0.7792978 1.948391 0.8988643 0.798449 1.947496 0.8613803 0.8058586 1.937094 0.8707759 0.7573614 1.928227 0.8363634 0.7481723 1.927964 0.8164193 0.7494111 1.94724 0.8694636 0.736836 1.943161 0.8301077 0.7281575 1.946558 0.8074205 0.7306867 0 0 0 0 0 0 0 0 0 0 0 0 0 0 0 0 0 0 2.302982 0.9221323 1.148644 2.281728 0.8893289 1.156921 2.272382 0.8523173 1.15881 2.319899 0.8623733 1.178458 2.32778 0.8288667 1.191205 2.327157 0.8089765 1.193041 2.341924 0.8604602 1.172362 2.350636 0.8220177 1.181695 2.349835 0.7989746 1.18069 0 0 0 0 0 0 0 0 0 0 0 0 0 0 0 0 0 0 0 0 0 0 0 0
205 2.218706 0.988991 0.9018354 2.177921 0.9912636 0.8273201 2.25949 0.9867184 0.9763508 2.098684 0.5762007 0.8453469 2.170471 0.5880808 1.076809 2.206874 0.1003776 0.8186131 2.270071 0.1435365 0.9074535 2.22797 1.098146 0.900095 2.221375 1.248612 0.9150987 2.226987 1.494353 0.9255309 2.220211 1.572367 0.9301128 2.211227 1.443062 0.8843846 2.246602 1.439079 0.9591794 2.171257 1.42145 0.7836924 2.297789 1.410447 1.052794 2.1761 1.188422 0.7108951 2.351447 1.173197 1.0742 2.125271 0.9569244 0.6862321 2.373935 0.9371115 1.097456 2.078316 0.002907462 0.8068118 2.268168 0.01389442 1.00418 0 0 0 0 0 0 0 0 0 2.108147 0.9487975 0.7004547 2.089584 0.9175996 0.7171412 2.084564 0.8809707 0.7268295 2.093045 0.8854805 0.6778941 2.087792 0.8503915 0.6684895 2.086991 0.8305598 0.6708207 2.109625 0.8822314 0.6623864 2.107681 0.8422747 0.656023 2.109283 0.8198479 0.6612291 0 0 0 0 0 0 0 0 0 0 0 0 0 0 0 0 0 0 2.353772 0.9251686 1.100981 2.334577 0.8901306 1.101423 2.328303 0.8527824 1.096275 2.372304 0.8620517 1.121449 2.38187 0.8271806 1.127759 2.382913 0.8074003 1.125107 2.394991 0.8628179 1.118182 2.405053 0.8236951 1.121185 2.405922 0.8012888 1.115723 0 0 0 0 0 0 0 0 0 0 0 0 0 0 0 0 0 0 0 0 0 0 0 0
206 2.202642 0.9955353 0.9497104 2.178971 0.9965255 0.868103 2.226314 0.994545 1.031318 2.113038 0.577985 0.873373 2.105072 0.604803 1.132953 2.225105 0.1016007 0.8584957 2.283582 0.1667365 1.021363 2.212081 1.10468 0.9482965 2.201429 1.255457 0.9561348 2.205175 1.501199 0.9673591 2.198216 1.579264 0.9705868 2.19594 1.44991 0.9242735 2.219454 1.445928 1.0036 2.171568 1.426696 0.8190556 2.256928 1.416467 1.103257 2.183349 1.191948 0.7528763 2.303485 1.178856 1.134853 2.149327 0.9584016 0.7199936 2.320113 0.94295 1.164092 2.098274 0.00243149 0.8428073 2.227349 0.0366149 1.099292 0 0 0 0 0 0 0 0 0 2.130621 0.9494647 0.7314725 2.111343 0.9175072 0.7457352 2.106818 0.8807753 0.7552772 2.12266 0.885226 0.707891 2.121644 0.8498752 0.6980629 2.121988 0.830026 0.7003574 2.141637 0.8827639 0.6952505 2.143084 0.8428392 0.6885591 2.145113 0.8203996 0.6935573 0 0 0 0 0 0 0 0 0 0 0 0 0 0 0 0 0 0 2.299423 0.9315093 1.165695 2.279205 0.8970781 1.164264 2.272817 0.8598624 1.158351 2.314386 0.86802 1.187861 2.322474 0.83263 1.193286 2.322919 0.8130907 1.189116 2.337291 0.8682268 1.18676 2.345847 0.828689 1.188859 2.346067 0.8067676 1.181645 0 0 0 0 0 0 0 0 0 0 0 0 0 0 0 0 0 0 0 0 0 0 0 0
207 2.181514 1.000778 0.956378 2.168809 1.000707 0.8723559 2.194219 1.00085 1.0404 2.103982 0.5817465 0.8764434 2.115932 0.5878699 1.076025 2.213109 0.1044407 0.8604932 2.25205 0.1199776 1.064457 2.188799 1.110091 0.9551835 2.176289 1.260889 0.9586182 2.177563 1.506874 0.9630175 2.170766 1.585019 0.9631391 2.173876 1.454305 0.9206476 2.187559 1.452773 1.00233 2.162634 1.428936 0.8137193 2.212606 1.424616 1.106174 2.181692 1.192755 0.7547264 2.256114 1.187314 1.143857 2.163417 0.9577699 0.7196403 2.268197 0.9515188 1.176067 2.088004 0.003067575 0.8450394 2.160773 0.01116224 1.141881 0 0 0 0 0 0 0 0 0 2.143864 0.9480488 0.7288456 2.124548 0.91536 0.741282 2.120346 0.8786392 0.7510128 2.142053 0.8832029 0.7056546 2.14465 0.8474966 0.6975546 2.146039 0.8278815 0.7011175 2.162571 0.8815391 0.6955447 2.167151 0.8415886 0.6906662 2.169827 0.819587 0.6971011 0 0 0 0 0 0 0 0 0 0 0 0 0 0 0 0 0 0 2.247412 0.9402232 1.174664 2.227096 0.9062231 1.169414 2.221756 0.8692924 1.161145 2.25925 0.8757612 1.195892 2.266516 0.8399463 1.199329 2.267125 0.8210045 1.192988 2.282119 0.8757913 1.197607 2.290282 0.8361165 1.19725 2.290948 0.8152684 1.187374 0 0 0 0 0 0 0 0 0 0 0 0 0 0 0 0 0 0 0 0 0 0 0 0
208 2.170219 1.003998 0.9683619 2.163063 1.003616 0.8836875 2.177375 1.00438 1.053037 2.104596 0.582871 0.8815718 2.125431 0.5825506 1.066938 2.20608 0.1035071 0.8527064 2.228948 0.102236 1.070666 2.176713 1.113362 0.9673204 2.16419 1.264183 0.9694424 2.165276 1.510206 0.9705176 2.159541 1.588429 0.9694624 2.164225 1.457056 0.92873 2.172774 1.456658 1.011121 2.159894 1.43109 0.8214417 2.19077 1.42816 1.116325 2.180455 1.193953 0.7669573 2.236716 1.191535 1.155339 2.17021 0.9585655 0.7313137 2.244453 0.9553252 1.185808 2.079462 0.003651686 0.8399305 2.114763 0.003954746 1.129569 0 0 0 0 0 0 0 0 0 2.150364 0.9483941 0.7393298 2.131037 0.9152703 0.7505364 2.126636 0.8784611 0.7598352 2.151011 0.8837987 0.7153907 2.154779 0.847975 0.7083373 2.156366 0.8285496 0.7127557 2.172077 0.8826153 0.7064037 2.17748 0.8426704 0.7023993 2.180067 0.8209583 0.7097836 0 0 0 0 0 0 0 0 0 0 0 0 0 0 0 0 0 0 2.223807 0.943974 1.183273 2.203903 0.9099053 1.176988 2.199861 0.8729209 1.168238 2.234822 0.8793594 1.204481 2.242276 0.8437245 1.20916 2.24347 0.8245926 1.203512 2.257577 0.8794498 1.207328 2.266287 0.8398955 1.207986 2.267895 0.8187739 1.198824 0 0 0 0 0 0 0 0 0 0 0 0 0 0 0 0 0 0 0 0 0 0 0 0
209 2.170419 1.004506 0.9830661 2.165879 1.003662 0.8982143 2.174958 1.005349 1.067918 2.101766 0.5839611 0.8821559 2.124048 0.583111 1.07565 2.196571 0.1036907 0.8452139 2.226439 0.1024603 1.067689 2.17776 1.113811 0.9815874 2.164098 1.264528 0.9840765 2.164473 1.510555 0.9840498 2.159168 1.588789 0.9820061 2.164915 1.457213 0.9424963 2.170805 1.457213 1.025121 2.164218 1.431324 0.8351049 2.185336 1.427911 1.130638 2.183723 1.193573 0.7829647 2.235588 1.191908 1.168084 2.173672 0.9579682 0.7487235 2.24507 0.955533 1.196719 2.068761 0.004758544 0.8386102 2.114977 0.004791595 1.132526 0 0 0 0 0 0 0 0 0 2.153713 0.9477779 0.7564268 2.134896 0.914242 0.7672715 2.130613 0.8774443 0.7766705 2.155279 0.8828832 0.7333555 2.159156 0.8479241 0.7228618 2.160732 0.8280221 0.7237577 2.176547 0.8817152 0.7248564 2.18158 0.8423055 0.716958 2.183936 0.8195317 0.7198629 0 0 0 0 0 0 0 0 0 0 0 0 0 0 0 0 0 0 2.224642 0.9438946 1.193755 2.20563 0.9095153 1.186479 2.202961 0.8727502 1.176381 2.237041 0.8786252 1.211984 2.24558 0.8434648 1.21816 2.247698 0.8239828 1.214242 2.259804 0.8790447 1.214744 2.26961 0.8397974 1.216825 2.272361 0.8179874 1.209796 0 0 0 0 0 0 0 0 0 0 0 0 0 0 0 0 0 0 0 0 0 0 0 0
210 2.176477 1.004193 1.003952 2.176074 1.002838 0.9189868 2.176881 1.005548 1.088918 2.104789 0.5853701 0.8886042 2.122676 0.5836543 1.090636 2.196533 0.1055287 0.8434849 2.220856 0.1024291 1.071813 2.183865 1.113491 1.002174 2.167911 1.263988 1.004312 2.166464 1.510009 1.003531 2.161957 1.588274 1.000839 2.169493 1.456558 0.9622259 2.171017 1.45683 1.045046 2.174762 1.43102 0.8548784 2.179764 1.426746 1.150981 2.197807 1.192971 0.8056211 2.233309 1.191735 1.190064 2.193064 0.9572275 0.7711873 2.242596 0.9554141 1.219206 2.071496 0.004960798 0.8230262 2.108718 0.004806302 1.135543 0 0 0 0 0 0 0 0 0 2.172819 0.9466847 0.7775564 2.154337 0.9124401 0.7866135 2.150121 0.875415 0.7951074 2.17666 0.8821043 0.7538767 2.181765 0.8484778 0.7400756 2.183807 0.8287349 0.7377448 2.198415 0.8813174 0.7466626 2.204304 0.8429442 0.7351022 2.206959 0.8200468 0.7339635 0 0 0 0 0 0 0 0 0 0 0 0 0 0 0 0 0 0 2.22253 0.9434575 1.215214 2.204677 0.9087323 1.206742 2.20366 0.8721032 1.195879 2.235592 0.8780062 1.232292 2.244777 0.843362 1.240211 2.247766 0.8237484 1.237815 2.258226 0.8788001 1.235893 2.268949 0.839912 1.23958 2.272889 0.8177854 1.234333 0 0 0 0 0 0 0 0 0 0 0 0 0 0 0 0 0 0 0 0 0 0 0 0
216 2.192888 0.9917462 0.973187 2.222208 0.9942767 0.8934679 2.163568 0.9892156 1.052905 2.127771 0.5832879 0.8486786 2.117166 0.5697445 1.010451 2.199124 0.09893372 0.8283558 2.222125 0.09265611 1.050126 2.1951 1.101202 0.9774752 2.163006 1.24903 0.9824905 2.146826 1.494443 0.9888048 2.138639 1.572325 0.9843001 2.170799 1.443518 0.9513321 2.13617 1.439302 1.026464 2.220558 1.421929 0.8550949 2.096831 1.411582 1.125901 2.305321 1.196228 0.8163786 2.106387 1.173073 1.177351 2.326959 0.964632 0.7646279 2.103072 0.9361794 1.202914 2.088964 0.001167901 0.7614722 2.12418 0.008457863 0.9527378 0 0 0 0 0 0 0 0 0 2.306567 0.9534597 0.7600565 2.286057 0.9194444 0.7557425 2.280947 0.8816367 0.7580299 2.323859 0.8919891 0.7342033 2.332744 0.8573552 0.7259064 2.332659 0.8375289 0.7284145 2.346547 0.8919992 0.7375488 2.35562 0.8527453 0.7333488 2.355103 0.8304265 0.7392001 0 0 0 0 0 0 0 0 0 0 0 0 0 0 0 0 0 0 2.089816 0.9253266 1.186543 2.080613 0.8917728 1.166901 2.083128 0.8555781 1.154886 2.085302 0.8594622 1.206231 2.087438 0.8236486 1.213985 2.091549 0.8042651 1.211386 2.100191 0.8590211 1.223669 2.104647 0.8191829 1.229492 2.110598 0.797347 1.224974 0 0 0 0 0 0 0 0 0 0 0 0 0 0 0 0 0 0 0 0 0 0 0 0
217 2.281186 0.9832992 0.985486 2.352681 0.9868369 0.939692 2.209692 0.9797616 1.03128 2.317154 0.5988617 0.7781649 2.176525 0.5644361 0.9642272 2.348949 0.1137726 0.8123188 2.296294 0.09966572 1.050354 2.273541 1.092538 0.9819889 2.229958 1.235109 0.9558649 2.202753 1.478477 0.9321771 2.200748 1.556732 0.9271731 2.248528 1.429083 0.9260912 2.171129 1.423246 0.9550176 2.354537 1.414652 0.8985658 2.070827 1.397108 0.9932275 2.460346 1.197419 0.933764 2.047104 1.159798 1.045632 2.534974 0.9717221 0.9171939 2.033664 0.9223804 1.060971 2.378214 0.02721354 0.6788363 2.211584 0.003603302 0.9515457 0 0 0 0 0 0 0 0 0 2.527264 0.9598274 0.8982034 2.521486 0.9248525 0.8797731 2.520512 0.8867452 0.877008 2.565274 0.9024659 0.8948836 2.581617 0.8696079 0.8956208 2.582568 0.8496639 0.8964643 2.576664 0.9035427 0.9147587 2.590516 0.8656675 0.9185586 2.588751 0.8428276 0.921361 0 0 0 0 0 0 0 0 0 0 0 0 0 0 0 0 0 0 2.038018 0.9116045 1.040319 2.046465 0.8778615 1.020663 2.05554 0.8411934 1.014844 2.015002 0.847042 1.047254 2.00704 0.8116181 1.052645 2.009869 0.7918708 1.053835 2.009987 0.8465059 1.069625 2.004926 0.8069093 1.076506 2.010506 0.7845984 1.078436 0 0 0 0 0 0 0 0 0 0 0 0 0 0 0 0 0 0 0 0 0 0 0 0
218 2.300291 0.9634923 0.9357452 2.382936 0.9634775 0.955513 2.217645 0.9635071 0.9159775 2.393197 0.5700966 0.8068018 2.210485 0.5913253 0.7201271 2.289399 0.1046082 0.9007254 2.157664 0.186544 0.9839125 2.299199 1.07295 0.9403925 2.304365 1.223582 0.9265447 2.315293 1.469366 0.9269876 2.321992 1.547371 0.9221621 2.351023 1.414359 0.9434128 2.272604 1.417893 0.9169621 2.451855 1.391187 0.9821377 2.168829 1.405057 0.8813319 2.486471 1.156801 1.041209 2.094612 1.172488 0.8759894 2.531335 0.9244209 1.013466 2.062871 0.9402679 0.8329873 2.374181 0.004959721 0.8055997 2.098564 0.05043083 0.9195142 0 0 0 0 0 0 0 0 0 2.530928 0.9169974 0.9909649 2.529636 0.8860673 0.9657063 2.526064 0.8496689 0.9546094 2.560645 0.8548445 0.9908319 2.573512 0.8205114 0.989109 2.573743 0.8008978 0.9852848 2.562877 0.850953 1.013322 2.57102 0.8112768 1.013869 2.567177 0.7887062 1.010963 0 0 0 0 0 0 0 0 0 0 0 0 0 0 0 0 0 0 2.078435 0.9311156 0.8176394 2.093292 0.8981677 0.8006086 2.09874 0.8610546 0.7932816 2.048159 0.8754121 0.7906842 2.034388 0.8438609 0.7779493 2.03324 0.8243007 0.7740178 2.029404 0.8737887 0.8037825 2.015412 0.8367433 0.7952557 2.015076 0.8136846 0.794354 0 0 0 0 0 0 0 0 0 0 0 0 0 0 0 0 0 0 0 0 0 0 0 0
219 2.543116 0.9664048 0.6606059 2.612922 0.9678555 0.7090435 2.473311 0.964954 0.6121678 2.596315 0.5467861 0.681221 2.582059 0.6195089 0.3979034 2.449399 0.103528 0.8228383 2.583672 0.1335097 0.3834734 2.53908 1.075863 0.6631446 2.549295 1.226625 0.654501 2.553617 1.472585 0.650712 2.560325 1.550303 0.6424713 2.586012 1.41906 0.676362 2.515676 1.419622 0.6326098 2.67841 1.402023 0.7344656 2.422948 1.405233 0.5743165 2.722177 1.164341 0.7693419 2.330626 1.183531 0.6184702 2.791253 0.9438043 0.7112455 2.28248 0.9508484 0.636467 2.520842 -0.0006725565 0.7218194 2.647189 0.07650276 0.2460594 0 0 0 0 0 0 0 0 0 2.791727 0.9417376 0.6876431 2.793098 0.9157361 0.6573391 2.793302 0.8827498 0.6380358 2.829151 0.8854912 0.6741571 2.849557 0.855939 0.6665721 2.856268 0.8383589 0.6598425 2.831934 0.876866 0.6952243 2.847309 0.8403497 0.6867971 2.849004 0.8187279 0.6789064 0 0 0 0 0 0 0 0 0 0 0 0 0 0 0 0 0 0 2.297601 0.934522 0.6283212 2.309361 0.8963426 0.6277232 2.31162 0.8591524 0.63624 2.262393 0.8753509 0.6260319 2.246538 0.8422614 0.627037 2.243729 0.8230669 0.6318388 2.24296 0.8813457 0.6366334 2.226245 0.8451493 0.6437926 2.224213 0.824141 0.6531286 0 0 0 0 0 0 0 0 0 0 0 0 0 0 0 0 0 0 0 0 0 0 0 0
220 2.70785 0.9839991 0.3615265 2.783388 0.9841657 0.4004498 2.632312 0.9838323 0.3226023 2.787425 0.5655887 0.349844 2.67633 0.5887626 0.1816354 2.694656 0.1139108 0.5071473 2.619276 0.1068006 0.225925 2.705409 1.09345 0.3657937 2.713613 1.244033 0.3529139 2.717371 1.490019 0.3504486 2.723161 1.56796 0.3437662 2.75268 1.436346 0.3715363 2.677511 1.437146 0.3367419 2.848567 1.413535 0.4214253 2.577194 1.414104 0.296628 2.892305 1.175463 0.453568 2.503471 1.186517 0.3455563 2.936823 0.9421344 0.4346204 2.45753 0.9532862 0.362164 2.757919 0.002105914 0.4088407 2.644614 0.02038416 0.09154892 0 0 0 0 0 0 0 0 0 2.938332 0.9360046 0.4117794 2.936809 0.9059462 0.3855019 2.932006 0.8707815 0.3713193 2.965001 0.8724917 0.4107842 2.978015 0.8382633 0.4133005 2.980404 0.818469 0.4119372 2.964782 0.867245 0.4331083 2.974351 0.827922 0.4348354 2.97365 0.8049642 0.4325819 0 0 0 0 0 0 0 0 0 0 0 0 0 0 0 0 0 0 2.469496 0.9386743 0.3478508 2.483382 0.9021332 0.3395905 2.491045 0.8651645 0.3455372 2.440515 0.8766276 0.3553658 2.433144 0.8420062 0.365078 2.438782 0.824213 0.3722186 2.426279 0.8804852 0.3729262 2.421535 0.8429574 0.3874183 2.430758 0.8243706 0.3975229 0 0 0 0 0 0 0 0 0 0 0 0 0 0 0 0 0 0 0 0 0 0 0 0
221 2.708853 0.9938772 0.2274289 2.784023 0.9933283 0.2670579 2.633684 0.994426 0.1878014 2.814858 0.5825478 0.1814208 2.652222 0.5821657 0.09337616 2.733831 0.1297043 0.3386383 2.588146 0.1020756 0.1618328 2.706912 1.103298 0.2326264 2.714038 1.253931 0.219686 2.717467 1.499933 0.2204642 2.723065 1.578085 0.2167511 2.752402 1.446037 0.2416077 2.677991 1.447189 0.2052317 2.846441 1.421083 0.2939305 2.57893 1.421401 0.1636915 2.88623 1.182852 0.3298178 2.51002 1.189322 0.1955605 2.924574 0.9476708 0.3313136 2.471602 0.9541937 0.1909013 2.798967 0.008794494 0.2531695 2.599887 0.00391493 0.03379536 0 0 0 0 0 0 0 0 0 2.926898 0.9387539 0.3094807 2.926364 0.9062487 0.2862544 2.92134 0.8697616 0.2760468 2.950631 0.8745782 0.3175006 2.958515 0.8391948 0.3232584 2.956706 0.8192984 0.3227739 2.949096 0.8720977 0.3402481 2.953586 0.832249 0.3459711 2.948734 0.8097068 0.3450007 0 0 0 0 0 0 0 0 0 0 0 0 0 0 0 0 0 0 2.484253 0.9418487 0.175118 2.499322 0.9070573 0.1625156 2.507864 0.8698914 0.1650624 2.458289 0.8780382 0.175559 2.452024 0.8423614 0.1814928 2.458236 0.8241073 0.1867447 2.443886 0.8792389 0.1933646 2.440573 0.840196 0.2036376 2.450232 0.820842 0.2116861 0 0 0 0 0 0 0 0 0 0 0 0 0 0 0 0 0 0 0 0 0 0 0 0
222 2.702623 1.002537 0.1927705 2.777284 1.001776 0.233345 2.627963 1.003297 0.152195 2.80834 0.5858349 0.1658435 2.638606 0.5834104 0.08833218 2.765786 0.114949 0.28755 2.574844 0.1030452 0.1668739 2.700562 1.111923 0.1986132 2.707887 1.262674 0.1872578 2.711312 1.508668 0.1893988 2.716161 1.586891 0.1861563 2.745965 1.454656 0.2107096 2.672037 1.45601 0.1733685 2.838609 1.428537 0.2649202 2.573798 1.428519 0.1309776 2.873332 1.189864 0.3030543 2.507802 1.195032 0.1584272 2.906573 0.9541041 0.3128052 2.474214 0.9593637 0.1477013 2.836199 0.007987045 0.1887178 2.581915 0.004819833 0.03854418 0 0 0 0 0 0 0 0 0 2.909493 0.9440935 0.2915249 2.909197 0.9108423 0.2693758 2.903656 0.8741015 0.2604213 2.930936 0.8797269 0.3034925 2.935786 0.8439783 0.3102598 2.931776 0.8244088 0.3096876 2.928423 0.8783789 0.3262472 2.930092 0.838455 0.3328905 2.923079 0.8165024 0.3316512 0 0 0 0 0 0 0 0 0 0 0 0 0 0 0 0 0 0 2.486877 0.9477807 0.1313601 2.502003 0.9135408 0.1173902 2.510693 0.8763586 0.1190414 2.461982 0.8835602 0.1299114 2.454166 0.847932 0.134017 2.458905 0.8289563 0.1381211 2.447778 0.8839082 0.147913 2.442986 0.8444892 0.1559148 2.450805 0.8238289 0.1625977 0 0 0 0 0 0 0 0 0 0 0 0 0 0 0 0 0 0 0 0 0 0 0 0
223 2.690547 1.004627 0.1761937 2.764725 1.003555 0.2176371 2.616369 1.0057 0.1347508 2.801202 0.5838481 0.165947 2.627399 0.5843392 0.07868099 2.77527 0.1051469 0.269402 2.570563 0.1036235 0.1628599 2.688072 1.11392 0.1834531 2.696063 1.264684 0.1727405 2.699435 1.510666 0.176084 2.704254 1.588906 0.1732302 2.733774 1.456556 0.1976523 2.660406 1.458084 0.1592278 2.825301 1.429858 0.2534523 2.562966 1.429791 0.1155396 2.856459 1.190739 0.2918711 2.499018 1.19544 0.1403465 2.886416 0.9546989 0.3049316 2.468044 0.9595545 0.126873 2.848675 0.004850946 0.1658692 2.576743 0.005701981 0.03425217 0 0 0 0 0 0 0 0 0 2.889621 0.9440677 0.2839966 2.889081 0.9100058 0.2631207 2.882759 0.8731668 0.2551403 2.908226 0.8792628 0.2981491 2.915076 0.8444507 0.3075547 2.913544 0.8245829 0.3090734 2.904951 0.8785681 0.3208375 2.90922 0.8393453 0.3300123 2.905691 0.8165709 0.3312416 0 0 0 0 0 0 0 0 0 0 0 0 0 0 0 0 0 0 2.480861 0.9483098 0.1104155 2.496581 0.9142886 0.09656763 2.506287 0.8773881 0.0987792 2.458631 0.8831031 0.1101732 2.449073 0.8478215 0.113513 2.451718 0.8282966 0.1168518 2.444773 0.8830794 0.1284456 2.438297 0.8436762 0.1352491 2.443487 0.8219059 0.1408854 0 0 0 0 0 0 0 0 0 0 0 0 0 0 0 0 0 0 0 0 0 0 0 0
225 2.696423 0.993793 0.2205467 2.778863 0.987703 0.2402334 2.613982 0.999883 0.2008591 2.768475 0.5635898 0.1887541 2.54275 0.6031919 0.07531309 2.675077 0.08104702 0.2363176 2.484394 0.1251399 0.1526361 2.706064 1.102726 0.2138729 2.746755 1.24298 0.1741047 2.771073 1.485799 0.1428509 2.771736 1.563919 0.1358018 2.80711 1.429352 0.1522007 2.724728 1.437828 0.1539497 2.913078 1.398146 0.1515255 2.615947 1.426347 0.1693926 2.936629 1.160567 0.2027731 2.519178 1.213256 0.2390585 2.941167 0.9243162 0.2335625 2.431164 0.9918558 0.2433252 2.755001 0.001630567 0.1202493 2.394432 0.02920999 0.05844879 0 0 0 0 0 0 0 0 0 2.929381 0.9123608 0.2168374 2.912958 0.8780411 0.2046404 2.900256 0.8420221 0.2060714 2.948648 0.846532 0.2232733 2.954931 0.8110479 0.2302513 2.950963 0.7919961 0.2347956 2.960813 0.8473549 0.2426972 2.964505 0.8080103 0.2515965 2.958121 0.7866299 0.2574916 0 0 0 0 0 0 0 0 0 0 0 0 0 0 0 0 0 0 2.430631 0.980361 0.222609 2.427229 0.946198 0.2021723 2.425549 0.9082026 0.1983953 2.392934 0.9236781 0.2331977 2.377906 0.8908914 0.2400165 2.377597 0.8709284 0.2408857 2.390159 0.9243909 0.2559514 2.378357 0.8865102 0.2641139 2.381011 0.8636264 0.2655005 0 0 0 0 0 0 0 0 0 0 0 0 0 0 0 0 0 0 0 0 0 0 0 0
226 2.753174 0.9906167 0.2908697 2.806311 0.984122 0.2248745 2.700036 0.9971114 0.3568649 2.779738 0.5583294 0.2101765 2.565176 0.5971328 0.3651972 2.76194 0.08089663 0.3327665 2.613702 0.1218602 0.4638519 2.755423 1.09979 0.2819366 2.746699 1.243226 0.2344112 2.739608 1.487825 0.2089067 2.731933 1.565829 0.205843 2.761205 1.431599 0.1781745 2.727434 1.438474 0.2535 2.807687 1.401266 0.08265972 2.693011 1.422905 0.3573089 2.867856 1.164658 0.0872345 2.715456 1.203785 0.4627028 2.905889 0.9296598 0.09783411 2.668721 0.9800509 0.5300946 2.779857 -0.0007150546 0.1942558 2.510772 0.01366856 0.5260339 0 0 0 0 0 0 0 0 0 2.885749 0.9174288 0.1003566 2.86772 0.8828982 0.1092372 2.863476 0.8468842 0.1213102 2.901491 0.851739 0.08682251 2.911121 0.816377 0.08480453 2.913515 0.7973909 0.09056377 2.924345 0.8528811 0.08531141 2.934495 0.8136843 0.08650637 2.936967 0.7923864 0.09504604 0 0 0 0 0 0 0 0 0 0 0 0 0 0 0 0 0 0 2.648689 0.9700034 0.5223923 2.626373 0.9373251 0.5168767 2.619826 0.8996797 0.5160313 2.640418 0.912771 0.5598373 2.638865 0.8796114 0.5755005 2.638275 0.859636 0.5756154 2.660375 0.9119258 0.571104 2.66097 0.8735886 0.5841713 2.661804 0.8506604 0.5816722 0 0 0 0 0 0 0 0 0 0 0 0 0 0 0 0 0 0 0 0 0 0 0 0
227 2.692078 0.947621 0.3599262 2.660174 0.954987 0.2815099 2.723982 0.9402549 0.4383416 2.617496 0.5400562 0.2268667 2.514338 0.5885099 0.5345325 2.850717 0.1150117 0.191823 2.491618 0.1114852 0.4442453 2.695193 1.056769 0.3689117 2.678144 1.207115 0.372643 2.669643 1.452606 0.3864703 2.661267 1.530445 0.3913574 2.654291 1.40092 0.3456645 2.694746 1.398252 0.4178996 2.603839 1.387121 0.2483616 2.752388 1.376757 0.509654 2.572465 1.158103 0.1696796 2.850353 1.154315 0.5330563 2.497159 0.9336483 0.1426201 2.895415 0.9232677 0.5700631 2.753762 -0.01399492 0.1806889 2.429956 0.03916762 0.5751452 0 0 0 0 0 0 0 0 0 2.482515 0.9268947 0.1599836 2.462793 0.8971288 0.1779099 2.450516 0.8617318 0.1854663 2.443739 0.8763887 0.1336842 2.425714 0.8470318 0.1210136 2.419371 0.8280947 0.1202898 2.454104 0.8728829 0.1135292 2.438977 0.8376886 0.1003628 2.435152 0.8149291 0.1004634 0 0 0 0 0 0 0 0 0 0 0 0 0 0 0 0 0 0 2.876545 0.9108531 0.5772324 2.860441 0.8745621 0.5816989 2.857968 0.8364865 0.5794873 2.901233 0.8524451 0.6041603 2.912912 0.8196344 0.6157522 2.914866 0.7997817 0.6169462 2.923408 0.8539924 0.5985193 2.936563 0.8162633 0.6051745 2.938316 0.7934546 0.6021204 0 0 0 0 0 0 0 0 0 0 0 0 0 0 0 0 0 0 0 0 0 0 0 0
228 2.592449 0.9493517 0.6138091 2.533225 0.9470103 0.5529137 2.651673 0.9516929 0.6747036 2.440638 0.5413294 0.6143842 2.50248 0.580051 0.803566 2.692854 0.2189306 0.3523417 2.499477 0.1003351 0.7251053 2.594722 1.058702 0.6073933 2.594386 1.208975 0.6254587 2.607727 1.454399 0.6363277 2.606496 1.53249 0.6436214 2.57615 1.404079 0.6040325 2.63812 1.39829 0.6586933 2.492119 1.394413 0.5329757 2.719612 1.373804 0.7291422 2.42451 1.163695 0.4902778 2.802388 1.146377 0.6967382 2.339484 0.9423953 0.5143576 2.827792 0.9097316 0.7084274 2.700857 0.05850675 0.3331876 2.431477 0.002821289 0.834805 0 0 0 0 0 0 0 0 0 2.333502 0.9374802 0.5367541 2.323837 0.9078453 0.561748 2.317201 0.8726314 0.5750418 2.289383 0.8846642 0.5335741 2.266967 0.8556241 0.5323563 2.25915 0.8374808 0.5353708 2.290727 0.8791004 0.5113668 2.272681 0.8428577 0.5100856 2.26927 0.8203841 0.5140791 0 0 0 0 0 0 0 0 0 0 0 0 0 0 0 0 0 0 2.810219 0.8957682 0.7160296 2.794192 0.8592599 0.7185974 2.788883 0.8219975 0.7119575 2.837535 0.832938 0.7232628 2.848745 0.7980199 0.724802 2.848937 0.7784432 0.7207913 2.85826 0.8360175 0.7139387 2.870164 0.7976107 0.7090349 2.869579 0.7762582 0.7002964 0 0 0 0 0 0 0 0 0 0 0 0 0 0 0 0 0 0 0 0 0 0 0 0
229 2.401651 0.9928402 0.8770533 2.343368 0.9899464 0.8152804 2.459933 0.995734 0.938827 2.223291 0.5948926 0.8955412 2.415702 0.5746351 0.9688454 2.335403 0.1321686 0.7978783 2.49049 0.09804287 0.8803506 2.403307 1.102185 0.870368 2.397491 1.252876 0.8832951 2.400152 1.49884 0.8881426 2.394226 1.576902 0.8930616 2.374325 1.446441 0.8540907 2.429977 1.44463 0.9154191 2.303734 1.426197 0.7715635 2.505088 1.42129 0.9929895 2.29582 1.193089 0.699296 2.558644 1.183942 1.013551 2.252815 0.9589713 0.6882257 2.570246 0.9483318 1.047259 2.243059 0.01439031 0.8592596 2.425715 -0.0008466616 0.9907675 0 0 0 0 0 0 0 0 0 2.242827 0.949235 0.7073836 2.23455 0.915976 0.7279181 2.235958 0.8789887 0.7374415 2.22515 0.885175 0.6892209 2.218693 0.8500666 0.6806765 2.219562 0.8301305 0.6817527 2.234995 0.8835483 0.6685724 2.233731 0.8436988 0.6614137 2.238651 0.8213496 0.6644049 0 0 0 0 0 0 0 0 0 0 0 0 0 0 0 0 0 0 2.550359 0.9376387 1.054451 2.529847 0.9037035 1.05935 2.521161 0.8665662 1.056875 2.568954 0.8745574 1.074971 2.577439 0.8396152 1.082344 2.576971 0.8196763 1.08108 2.590859 0.8739768 1.068208 2.599589 0.8345738 1.071681 2.598591 0.8119387 1.067289 0 0 0 0 0 0 0 0 0 0 0 0 0 0 0 0 0 0 0 0 0 0 0 0
230 2.180295 0.9878392 0.9425983 2.123954 0.986649 0.8789954 2.236636 0.9890293 1.006202 1.973888 0.5951363 0.9234295 2.190727 0.5667663 1.005085 2.023543 0.1113619 0.8942795 2.254817 0.09672294 0.8792763 2.180512 1.097378 0.9403572 2.173657 1.24547 0.9708567 2.17047 1.490853 0.9883556 2.164361 1.568882 0.9935651 2.151042 1.439983 0.9482675 2.197063 1.435679 1.017007 2.096621 1.421265 0.853972 2.260689 1.408614 1.103163 2.10061 1.193992 0.7647753 2.310363 1.170599 1.125662 2.052541 0.9625859 0.7343869 2.333697 0.9345946 1.148911 1.889968 0.02546262 0.8635254 2.211436 -0.002553135 0.9993973 0 0 0 0 0 0 0 0 0 2.036277 0.9535648 0.7490721 2.018548 0.9215526 0.7651105 2.014203 0.8843325 0.7726288 2.019218 0.8920429 0.7231851 2.013419 0.8573198 0.7127943 2.013021 0.8374514 0.7149076 2.034757 0.8898076 0.7064672 2.032517 0.8501944 0.698308 2.034713 0.8276613 0.7027888 0 0 0 0 0 0 0 0 0 0 0 0 0 0 0 0 0 0 2.313231 0.9230938 1.152143 2.293299 0.8884694 1.151711 2.286277 0.851349 1.145922 2.330097 0.8594719 1.172489 2.338964 0.824397 1.178686 2.339677 0.8046189 1.175912 2.352831 0.8597407 1.169484 2.36219 0.8204407 1.172444 2.362744 0.7980441 1.166902 0 0 0 0 0 0 0 0 0 0 0 0 0 0 0 0 0 0 0 0 0 0 0 0
231 2.160757 0.9928357 0.9891691 2.135286 0.9925383 0.9080992 2.186229 0.993133 1.070239 2.028486 0.5846866 0.8795605 2.132029 0.5733795 1.057307 2.118447 0.105295 0.8573179 2.235415 0.1093336 0.9417324 2.166778 1.102208 0.9868765 2.156675 1.251588 1.009059 2.156863 1.497242 1.022589 2.149032 1.575247 1.025208 2.153186 1.446266 0.9783149 2.167312 1.441767 1.059813 2.143611 1.426039 0.8701358 2.191684 1.411135 1.163115 2.171918 1.195922 0.7935219 2.237839 1.17317 1.192564 2.13222 0.9651241 0.7494841 2.25937 0.9369103 1.214939 2.014433 0.004141293 0.7857938 2.189599 0.002513073 1.054236 0 0 0 0 0 0 0 0 0 2.111248 0.9569959 0.7569461 2.087681 0.9259098 0.7655802 2.079335 0.8891509 0.7718973 2.103763 0.8946486 0.728611 2.102104 0.8600025 0.7166033 2.10066 0.8401022 0.7177253 2.124516 0.8914537 0.7193875 2.124521 0.851876 0.7107606 2.124143 0.8291444 0.7147317 0 0 0 0 0 0 0 0 0 0 0 0 0 0 0 0 0 0 2.239601 0.9244348 1.211052 2.222584 0.8891928 1.203006 2.220014 0.8522608 1.193511 2.25325 0.8601306 1.231664 2.262187 0.8251742 1.238406 2.265061 0.8056968 1.234979 2.275771 0.8614826 1.235775 2.286047 0.8224648 1.23936 2.289598 0.8005021 1.233222 0 0 0 0 0 0 0 0 0 0 0 0 0 0 0 0 0 0 0 0 0 0 0 0
